시나리오,역할,각본,바꾼 인자,값,재구성 인원,EPFI 최저(d=12m),EPFI 중앙,최대 이탈m,중앙 이탈m,대피 중앙s,배정 경로
S01,참고,권장경로 2명 넘어감 + 우측 우회 2명,(기본값),,12,43.2,77.1,6.81,2.75,22.7,auto-evac-1 r1 r2
S01,참고,권장경로 2명 넘어감 + 우측 우회 2명,cos_th,0.4,12,43.2,77.1,6.81,2.75,22.7,auto-evac-1 r1 r2
S01,참고,권장경로 2명 넘어감 + 우측 우회 2명,cos_th,0.45,12,43.2,77.1,6.81,2.75,22.7,auto-evac-1 r1 r2
S01,참고,권장경로 2명 넘어감 + 우측 우회 2명,cos_th,0.5,12,43.2,77.1,6.81,2.75,22.7,auto-evac-1 r1 r2
S01,참고,권장경로 2명 넘어감 + 우측 우회 2명,cos_th,0.55,12,43.2,77.1,6.81,2.75,22.7,auto-evac-1 r1 r2
S01,참고,권장경로 2명 넘어감 + 우측 우회 2명,cos_th,0.6,11,43.2,71.3,6.81,3.44,22.7,auto-evac-1 r1 r2
S01,참고,권장경로 2명 넘어감 + 우측 우회 2명,fragment_obs,25,20,43.2,87.4,6.81,1.51,22.7,auto-evac-1 r1 r2
S01,참고,권장경로 2명 넘어감 + 우측 우회 2명,fragment_obs,50,17,43.2,82.9,6.81,2.06,22.7,auto-evac-1 r1 r2
S01,참고,권장경로 2명 넘어감 + 우측 우회 2명,fragment_obs,75,14,43.2,80.1,6.81,2.38,22.7,auto-evac-1 r1 r2
S01,참고,권장경로 2명 넘어감 + 우측 우회 2명,fragment_obs,100,12,43.2,77.1,6.81,2.75,22.7,auto-evac-1 r1 r2
S01,참고,권장경로 2명 넘어감 + 우측 우회 2명,fragment_obs,150,10,43.2,75.7,6.81,2.91,22.5,auto-evac-1 r1 r2
S01,참고,권장경로 2명 넘어감 + 우측 우회 2명,fragment_obs,200,9,43.2,82.9,6.81,2.06,22.7,auto-evac-1 r1 r2
S01,참고,권장경로 2명 넘어감 + 우측 우회 2명,link_tol,0.0,12,43.2,77.1,6.81,2.75,22.7,auto-evac-1 r1 r2
S01,참고,권장경로 2명 넘어감 + 우측 우회 2명,link_tol,0.05,11,43.2,71.3,6.81,3.44,22.5,auto-evac-1 r1 r2
S01,참고,권장경로 2명 넘어감 + 우측 우회 2명,link_tol,0.1,7,43.8,73.9,6.74,3.14,21.6,auto-evac-1 r1 r2
S01,참고,권장경로 2명 넘어감 + 우측 우회 2명,link_tol,0.2,5,43.8,76.7,6.74,2.79,18.6,auto-evac-1 r1 r2
S01,참고,권장경로 2명 넘어감 + 우측 우회 2명,slack_m,1.0,11,43.2,81.1,6.81,2.26,22.9,auto-evac-1 r1 r2
S01,참고,권장경로 2명 넘어감 + 우측 우회 2명,slack_m,2.0,12,43.2,77.1,6.81,2.75,22.7,auto-evac-1 r1 r2
S01,참고,권장경로 2명 넘어감 + 우측 우회 2명,slack_m,3.0,12,43.2,77.1,6.81,2.75,22.7,auto-evac-1 r1 r2
S01,참고,권장경로 2명 넘어감 + 우측 우회 2명,slack_m,4.0,12,29.0,76.2,8.52,2.86,22.1,auto-evac-1 r1 r2
S01,참고,권장경로 2명 넘어감 + 우측 우회 2명,slack_m,6.0,11,43.2,69.5,6.81,3.66,22.7,auto-evac-1 r1 r2
S02,음성,권장경로 — 매우 느린 속도,(기본값),,15,65.4,91.8,4.16,0.98,36.9,auto-evac-1 r1 r2
S02,음성,권장경로 — 매우 느린 속도,cos_th,0.4,15,65.4,91.8,4.16,0.98,36.9,auto-evac-1 r1 r2
S02,음성,권장경로 — 매우 느린 속도,cos_th,0.45,15,65.4,91.8,4.16,0.98,36.9,auto-evac-1 r1 r2
S02,음성,권장경로 — 매우 느린 속도,cos_th,0.5,15,65.4,91.8,4.16,0.98,36.9,auto-evac-1 r1 r2
S02,음성,권장경로 — 매우 느린 속도,cos_th,0.55,15,65.4,91.8,4.16,0.98,36.9,auto-evac-1 r1 r2
S02,음성,권장경로 — 매우 느린 속도,cos_th,0.6,15,65.4,91.8,4.16,0.98,36.9,auto-evac-1 r1 r2
S02,음성,권장경로 — 매우 느린 속도,fragment_obs,25,21,65.4,90.2,4.16,1.18,35.2,auto-evac-1 r1 r2 r3
S02,음성,권장경로 — 매우 느린 속도,fragment_obs,50,20,65.4,89.8,4.16,1.22,35.2,auto-evac-1 r1 r2 r3
S02,음성,권장경로 — 매우 느린 속도,fragment_obs,75,17,65.4,91.8,4.16,0.98,35.2,auto-evac-1 r1 r2
S02,음성,권장경로 — 매우 느린 속도,fragment_obs,100,15,65.4,91.8,4.16,0.98,36.9,auto-evac-1 r1 r2
S02,음성,권장경로 — 매우 느린 속도,fragment_obs,150,14,65.4,91.0,4.16,1.08,36.9,auto-evac-1 r1 r2
S02,음성,권장경로 — 매우 느린 속도,fragment_obs,200,13,80.1,91.8,2.39,0.98,36.9,auto-evac-1 r1 r2
S02,음성,권장경로 — 매우 느린 속도,link_tol,0.0,15,65.4,91.8,4.16,0.98,36.9,auto-evac-1 r1 r2
S02,음성,권장경로 — 매우 느린 속도,link_tol,0.05,15,65.4,91.8,4.16,0.98,36.9,auto-evac-1 r1 r2
S02,음성,권장경로 — 매우 느린 속도,link_tol,0.1,13,65.4,90.2,4.16,1.18,37.3,auto-evac-1 r1 r2
S02,음성,권장경로 — 매우 느린 속도,link_tol,0.2,11,50.4,91.1,5.95,1.07,36.9,auto-evac-1 r1 r2
S02,음성,권장경로 — 매우 느린 속도,slack_m,1.0,15,65.4,91.8,4.16,0.98,36.9,auto-evac-1 r1 r2
S02,음성,권장경로 — 매우 느린 속도,slack_m,2.0,15,65.4,91.8,4.16,0.98,36.9,auto-evac-1 r1 r2
S02,음성,권장경로 — 매우 느린 속도,slack_m,3.0,15,65.4,91.8,4.16,0.98,36.9,auto-evac-1 r1 r2
S02,음성,권장경로 — 매우 느린 속도,slack_m,4.0,16,65.4,92.1,4.16,0.95,35.8,auto-evac-1 r1 r2
S02,음성,권장경로 — 매우 느린 속도,slack_m,6.0,16,65.4,92.1,4.16,0.95,35.8,auto-evac-1 r1 r2
S03,음성,2초 멈췄다 움직였다 이동,(기본값),,14,48.9,91.7,6.13,0.99,56.8,auto-evac-1 r1 r2
S03,음성,2초 멈췄다 움직였다 이동,cos_th,0.4,14,48.9,91.7,6.13,0.99,56.8,auto-evac-1 r1 r2
S03,음성,2초 멈췄다 움직였다 이동,cos_th,0.45,14,48.9,91.7,6.13,0.99,56.8,auto-evac-1 r1 r2
S03,음성,2초 멈췄다 움직였다 이동,cos_th,0.5,14,48.9,91.7,6.13,0.99,56.8,auto-evac-1 r1 r2
S03,음성,2초 멈췄다 움직였다 이동,cos_th,0.55,14,48.9,91.7,6.13,0.99,56.8,auto-evac-1 r1 r2
S03,음성,2초 멈췄다 움직였다 이동,cos_th,0.6,14,48.9,91.7,6.13,0.99,56.8,auto-evac-1 r1 r2
S03,음성,2초 멈췄다 움직였다 이동,fragment_obs,25,21,48.9,91.7,6.13,0.99,56.8,auto-evac-1 r1 r2 r3
S03,음성,2초 멈췄다 움직였다 이동,fragment_obs,50,17,48.9,91.7,6.13,0.99,56.8,auto-evac-1 r1 r2
S03,음성,2초 멈췄다 움직였다 이동,fragment_obs,75,16,48.9,90.9,6.13,1.09,56.8,auto-evac-1 r1 r2
S03,음성,2초 멈췄다 움직였다 이동,fragment_obs,100,14,48.9,91.7,6.13,0.99,56.8,auto-evac-1 r1 r2
S03,음성,2초 멈췄다 움직였다 이동,fragment_obs,150,13,48.9,91.8,6.13,0.99,56.8,auto-evac-1 r1 r2
S03,음성,2초 멈췄다 움직였다 이동,fragment_obs,200,12,48.9,91.7,6.13,0.99,58.4,auto-evac-1 r1 r2
S03,음성,2초 멈췄다 움직였다 이동,link_tol,0.0,14,48.9,91.7,6.13,0.99,56.8,auto-evac-1 r1 r2
S03,음성,2초 멈췄다 움직였다 이동,link_tol,0.05,13,48.9,91.8,6.13,0.99,58.1,auto-evac-1 r1 r2
S03,음성,2초 멈췄다 움직였다 이동,link_tol,0.1,11,51.8,91.5,5.79,1.02,56.9,auto-evac-1 r1 r2
S03,음성,2초 멈췄다 움직였다 이동,link_tol,0.2,8,74.9,91.6,3.02,1.0,57.8,auto-evac-1 r1 r2
S03,음성,2초 멈췄다 움직였다 이동,slack_m,1.0,14,48.9,91.7,6.13,0.99,56.8,auto-evac-1 r1 r2
S03,음성,2초 멈췄다 움직였다 이동,slack_m,2.0,14,48.9,91.7,6.13,0.99,56.8,auto-evac-1 r1 r2
S03,음성,2초 멈췄다 움직였다 이동,slack_m,3.0,14,48.9,91.7,6.13,0.99,56.8,auto-evac-1 r1 r2
S03,음성,2초 멈췄다 움직였다 이동,slack_m,4.0,13,48.9,91.8,6.13,0.99,58.1,auto-evac-1 r1 r2
S03,음성,2초 멈췄다 움직였다 이동,slack_m,6.0,13,48.9,91.8,6.13,0.99,58.1,auto-evac-1 r1 r2
S04,양성,2명이 완전 빙 돌아 진입,(기본값),,12,15.1,79.5,10.19,2.46,23.9,auto-evac-1 r1 r2
S04,양성,2명이 완전 빙 돌아 진입,cos_th,0.4,12,15.1,79.5,10.19,2.46,23.9,auto-evac-1 r1 r2
S04,양성,2명이 완전 빙 돌아 진입,cos_th,0.45,12,15.1,79.5,10.19,2.46,23.9,auto-evac-1 r1 r2
S04,양성,2명이 완전 빙 돌아 진입,cos_th,0.5,12,15.1,79.5,10.19,2.46,23.9,auto-evac-1 r1 r2
S04,양성,2명이 완전 빙 돌아 진입,cos_th,0.55,12,15.1,79.5,10.19,2.46,23.9,auto-evac-1 r1 r2
S04,양성,2명이 완전 빙 돌아 진입,cos_th,0.6,12,15.1,79.5,10.19,2.46,23.9,auto-evac-1 r1 r2
S04,양성,2명이 완전 빙 돌아 진입,fragment_obs,25,19,15.1,80.8,10.19,2.31,23.9,auto-evac-1 r1 r2 r3
S04,양성,2명이 완전 빙 돌아 진입,fragment_obs,50,15,15.1,78.2,10.19,2.62,23.9,auto-evac-1 r1 r2
S04,양성,2명이 완전 빙 돌아 진입,fragment_obs,75,13,15.1,78.2,10.19,2.62,23.9,auto-evac-1 r1 r2
S04,양성,2명이 완전 빙 돌아 진입,fragment_obs,100,12,15.1,79.5,10.19,2.46,23.9,auto-evac-1 r1 r2
S04,양성,2명이 완전 빙 돌아 진입,fragment_obs,150,12,15.1,79.5,10.19,2.46,23.9,auto-evac-1 r1 r2
S04,양성,2명이 완전 빙 돌아 진입,fragment_obs,200,8,19.6,78.1,9.65,2.63,25.8,auto-evac-1 r1 r2
S04,양성,2명이 완전 빙 돌아 진입,link_tol,0.0,12,15.1,79.5,10.19,2.46,23.9,auto-evac-1 r1 r2
S04,양성,2명이 완전 빙 돌아 진입,link_tol,0.05,12,15.1,79.5,10.19,2.46,23.9,auto-evac-1 r1 r2
S04,양성,2명이 완전 빙 돌아 진입,link_tol,0.1,10,15.1,69.7,10.19,3.63,22.0,auto-evac-1 r1 r2
S04,양성,2명이 완전 빙 돌아 진입,link_tol,0.2,5,25.1,44.6,8.99,6.64,25.8,auto-evac-1 r1 r2
S04,양성,2명이 완전 빙 돌아 진입,slack_m,1.0,12,15.1,79.5,10.19,2.46,23.9,auto-evac-1 r1 r2
S04,양성,2명이 완전 빙 돌아 진입,slack_m,2.0,12,15.1,79.5,10.19,2.46,23.9,auto-evac-1 r1 r2
S04,양성,2명이 완전 빙 돌아 진입,slack_m,3.0,12,15.1,79.5,10.19,2.46,23.9,auto-evac-1 r1 r2
S04,양성,2명이 완전 빙 돌아 진입,slack_m,4.0,12,15.1,79.5,10.19,2.46,23.9,auto-evac-1 r1 r2
S04,양성,2명이 완전 빙 돌아 진입,slack_m,6.0,12,15.1,79.5,10.19,2.46,23.9,auto-evac-1 r1 r2
S05,양성,2명 시작점 복귀 후 재진입,(기본값),,10,14.9,87.1,10.21,1.55,18.6,r1 r2
S05,양성,2명 시작점 복귀 후 재진입,cos_th,0.4,10,14.9,87.1,10.21,1.55,18.6,r1 r2
S05,양성,2명 시작점 복귀 후 재진입,cos_th,0.45,10,14.9,87.1,10.21,1.55,18.6,r1 r2
S05,양성,2명 시작점 복귀 후 재진입,cos_th,0.5,10,14.9,87.1,10.21,1.55,18.6,r1 r2
S05,양성,2명 시작점 복귀 후 재진입,cos_th,0.55,10,14.9,87.1,10.21,1.55,18.6,r1 r2
S05,양성,2명 시작점 복귀 후 재진입,cos_th,0.6,10,14.9,87.1,10.21,1.55,18.6,r1 r2
S05,양성,2명 시작점 복귀 후 재진입,fragment_obs,25,17,14.9,91.8,10.21,0.98,18.6,auto-evac-1 r1 r2 r3
S05,양성,2명 시작점 복귀 후 재진입,fragment_obs,50,14,14.9,91.6,10.21,1.01,18.6,auto-evac-1 r1 r2
S05,양성,2명 시작점 복귀 후 재진입,fragment_obs,75,11,14.9,88.2,10.21,1.42,18.6,auto-evac-1 r1 r2
S05,양성,2명 시작점 복귀 후 재진입,fragment_obs,100,10,14.9,87.1,10.21,1.55,18.6,r1 r2
S05,양성,2명 시작점 복귀 후 재진입,fragment_obs,150,10,14.9,87.1,10.21,1.55,18.6,r1 r2
S05,양성,2명 시작점 복귀 후 재진입,fragment_obs,200,9,14.9,86.1,10.21,1.67,19.5,r1 r2
S05,양성,2명 시작점 복귀 후 재진입,link_tol,0.0,10,14.9,87.1,10.21,1.55,18.6,r1 r2
S05,양성,2명 시작점 복귀 후 재진입,link_tol,0.05,10,14.9,88.6,10.21,1.36,18.6,auto-evac-1 r1 r2
S05,양성,2명 시작점 복귀 후 재진입,link_tol,0.1,8,14.9,87.1,10.21,1.55,18.6,auto-evac-1 r1 r2
S05,양성,2명 시작점 복귀 후 재진입,link_tol,0.2,8,14.9,87.1,10.21,1.55,18.6,auto-evac-1 r1 r2
S05,양성,2명 시작점 복귀 후 재진입,slack_m,1.0,10,14.9,87.1,10.21,1.55,17.8,r1 r2
S05,양성,2명 시작점 복귀 후 재진입,slack_m,2.0,10,14.9,87.1,10.21,1.55,18.6,r1 r2
S05,양성,2명 시작점 복귀 후 재진입,slack_m,3.0,10,14.9,87.1,10.21,1.55,18.6,r1 r2
S05,양성,2명 시작점 복귀 후 재진입,slack_m,4.0,10,14.9,87.1,10.21,1.55,18.6,r1 r2
S05,양성,2명 시작점 복귀 후 재진입,slack_m,6.0,10,14.9,86.3,10.21,1.64,18.6,r1 r2
S06,양성,1명이 빙빙 돌아 진입,(기본값),,15,0.0,94.7,12.71,0.64,19.6,auto-evac-1 r1 r2
S06,양성,1명이 빙빙 돌아 진입,cos_th,0.4,15,0.0,94.7,12.71,0.64,19.6,auto-evac-1 r1 r2
S06,양성,1명이 빙빙 돌아 진입,cos_th,0.45,15,0.0,94.7,12.71,0.64,19.6,auto-evac-1 r1 r2
S06,양성,1명이 빙빙 돌아 진입,cos_th,0.5,15,0.0,94.7,12.71,0.64,19.6,auto-evac-1 r1 r2
S06,양성,1명이 빙빙 돌아 진입,cos_th,0.55,14,0.0,94.7,12.71,0.63,19.6,auto-evac-1 r1 r2
S06,양성,1명이 빙빙 돌아 진입,cos_th,0.6,14,0.0,94.7,12.71,0.63,19.6,auto-evac-1 r1 r2
S06,양성,1명이 빙빙 돌아 진입,fragment_obs,25,19,0.0,94.7,12.71,0.64,19.6,auto-evac-1 r1 r2
S06,양성,1명이 빙빙 돌아 진입,fragment_obs,50,15,0.0,94.7,12.71,0.64,19.6,auto-evac-1 r1 r2
S06,양성,1명이 빙빙 돌아 진입,fragment_obs,75,15,0.0,94.7,12.71,0.64,19.6,auto-evac-1 r1 r2
S06,양성,1명이 빙빙 돌아 진입,fragment_obs,100,15,0.0,94.7,12.71,0.64,19.6,auto-evac-1 r1 r2
S06,양성,1명이 빙빙 돌아 진입,fragment_obs,150,15,0.0,94.7,12.71,0.64,19.6,auto-evac-1 r1 r2
S06,양성,1명이 빙빙 돌아 진입,fragment_obs,200,11,0.0,92.2,12.71,0.94,20.2,auto-evac-1 r1 r2
S06,양성,1명이 빙빙 돌아 진입,link_tol,0.0,15,0.0,94.7,12.71,0.64,19.6,auto-evac-1 r1 r2
S06,양성,1명이 빙빙 돌아 진입,link_tol,0.05,15,0.0,94.7,12.71,0.64,19.6,auto-evac-1 r1 r2
S06,양성,1명이 빙빙 돌아 진입,link_tol,0.1,12,0.0,86.6,12.71,1.61,19.9,auto-evac-1 r1 r2
S06,양성,1명이 빙빙 돌아 진입,link_tol,0.2,9,0.0,81.1,12.71,2.27,20.4,auto-evac-1 r1 r2
S06,양성,1명이 빙빙 돌아 진입,slack_m,1.0,15,0.0,94.7,12.71,0.64,19.6,auto-evac-1 r1 r2
S06,양성,1명이 빙빙 돌아 진입,slack_m,2.0,15,0.0,94.7,12.71,0.64,19.6,auto-evac-1 r1 r2
S06,양성,1명이 빙빙 돌아 진입,slack_m,3.0,15,0.0,94.7,12.71,0.64,19.6,auto-evac-1 r1 r2
S06,양성,1명이 빙빙 돌아 진입,slack_m,4.0,15,0.0,94.7,12.71,0.64,19.6,auto-evac-1 r1 r2
S06,양성,1명이 빙빙 돌아 진입,slack_m,6.0,15,0.0,94.7,12.71,0.64,19.6,auto-evac-1 r1 r2
S07,음성,CBS 2열로 진입,(기본값),,14,76.7,93.1,2.8,0.83,27.9,r3
S07,음성,CBS 2열로 진입,cos_th,0.4,14,76.7,93.1,2.8,0.83,27.9,r3
S07,음성,CBS 2열로 진입,cos_th,0.45,14,76.7,93.1,2.8,0.83,27.9,r3
S07,음성,CBS 2열로 진입,cos_th,0.5,14,76.7,93.1,2.8,0.83,27.9,r3
S07,음성,CBS 2열로 진입,cos_th,0.55,14,76.7,93.1,2.8,0.83,27.9,r3
S07,음성,CBS 2열로 진입,cos_th,0.6,14,76.7,93.1,2.8,0.83,27.9,r3
S07,음성,CBS 2열로 진입,fragment_obs,25,19,76.7,93.7,2.8,0.76,23.5,r3
S07,음성,CBS 2열로 진입,fragment_obs,50,17,76.7,93.7,2.8,0.76,23.5,r3
S07,음성,CBS 2열로 진입,fragment_obs,75,14,76.7,93.1,2.8,0.83,27.9,r3
S07,음성,CBS 2열로 진입,fragment_obs,100,14,76.7,93.1,2.8,0.83,27.9,r3
S07,음성,CBS 2열로 진입,fragment_obs,150,7,91.8,93.7,0.99,0.76,29.4,r3
S07,음성,CBS 2열로 진입,fragment_obs,200,2,92.0,92.9,0.96,0.86,32.2,r3
S07,음성,CBS 2열로 진입,link_tol,0.0,14,76.7,93.1,2.8,0.83,27.9,r3
S07,음성,CBS 2열로 진입,link_tol,0.05,14,76.7,93.1,2.8,0.83,27.9,r3
S07,음성,CBS 2열로 진입,link_tol,0.1,9,76.7,92.7,2.8,0.88,27.5,r3
S07,음성,CBS 2열로 진입,link_tol,0.2,8,80.6,92.3,2.33,0.93,27.5,r3
S07,음성,CBS 2열로 진입,slack_m,1.0,13,76.7,93.0,2.8,0.84,27.9,r3
S07,음성,CBS 2열로 진입,slack_m,2.0,14,76.7,93.2,2.8,0.81,27.5,r3
S07,음성,CBS 2열로 진입,slack_m,3.0,14,76.7,93.1,2.8,0.83,27.9,r3
S07,음성,CBS 2열로 진입,slack_m,4.0,13,80.6,92.8,2.33,0.86,27.4,r3
S07,음성,CBS 2열로 진입,slack_m,6.0,13,80.6,92.8,2.33,0.86,27.4,r3
S08,음성,CBS 문 근처 밀집 2회,(기본값),,10,80.6,92.6,2.33,0.89,43.1,r3
S08,음성,CBS 문 근처 밀집 2회,cos_th,0.4,10,80.6,92.6,2.33,0.89,43.1,r3
S08,음성,CBS 문 근처 밀집 2회,cos_th,0.45,10,80.6,92.6,2.33,0.89,43.1,r3
S08,음성,CBS 문 근처 밀집 2회,cos_th,0.5,10,80.6,92.6,2.33,0.89,43.1,r3
S08,음성,CBS 문 근처 밀집 2회,cos_th,0.55,10,80.6,92.6,2.33,0.89,43.1,r3
S08,음성,CBS 문 근처 밀집 2회,cos_th,0.6,10,80.6,92.6,2.33,0.89,43.1,r3
S08,음성,CBS 문 근처 밀집 2회,fragment_obs,25,27,79.1,92.4,2.5,0.91,33.5,auto-evac-1 r3
S08,음성,CBS 문 근처 밀집 2회,fragment_obs,50,17,80.6,93.2,2.33,0.82,37.1,r3
S08,음성,CBS 문 근처 밀집 2회,fragment_obs,75,14,80.6,93.3,2.33,0.8,40.7,r3
S08,음성,CBS 문 근처 밀집 2회,fragment_obs,100,10,80.6,92.6,2.33,0.89,43.1,r3
S08,음성,CBS 문 근처 밀집 2회,fragment_obs,150,7,80.6,92.4,2.33,0.91,43.1,r3
S08,음성,CBS 문 근처 밀집 2회,fragment_obs,200,4,88.7,93.2,1.36,0.82,43.1,r3
S08,음성,CBS 문 근처 밀집 2회,link_tol,0.0,10,80.6,92.6,2.33,0.89,43.1,r3
S08,음성,CBS 문 근처 밀집 2회,link_tol,0.05,10,80.6,92.6,2.33,0.89,43.9,r3
S08,음성,CBS 문 근처 밀집 2회,link_tol,0.1,8,80.6,93.1,2.33,0.83,41.5,r3
S08,음성,CBS 문 근처 밀집 2회,link_tol,0.2,6,85.0,93.1,1.81,0.82,41.5,r3
S08,음성,CBS 문 근처 밀집 2회,slack_m,1.0,11,80.6,92.7,2.33,0.88,43.0,r3
S08,음성,CBS 문 근처 밀집 2회,slack_m,2.0,11,80.6,92.2,2.33,0.93,43.0,r3
S08,음성,CBS 문 근처 밀집 2회,slack_m,3.0,10,80.6,92.6,2.33,0.89,43.1,r3
S08,음성,CBS 문 근처 밀집 2회,slack_m,4.0,10,80.6,92.6,2.33,0.89,43.1,r3
S08,음성,CBS 문 근처 밀집 2회,slack_m,6.0,10,80.6,92.6,2.33,0.89,43.1,r3
S09,음성,CBS 5명 + 중간 5명 합류,(기본값),,11,78.3,90.7,2.6,1.11,28.5,r3
S09,음성,CBS 5명 + 중간 5명 합류,cos_th,0.4,11,78.3,90.7,2.6,1.11,28.5,r3
S09,음성,CBS 5명 + 중간 5명 합류,cos_th,0.45,11,78.3,90.7,2.6,1.11,28.5,r3
S09,음성,CBS 5명 + 중간 5명 합류,cos_th,0.5,11,78.3,90.7,2.6,1.11,28.5,r3
S09,음성,CBS 5명 + 중간 5명 합류,cos_th,0.55,11,78.3,90.7,2.6,1.11,28.5,r3
S09,음성,CBS 5명 + 중간 5명 합류,cos_th,0.6,11,78.3,90.7,2.6,1.11,28.5,r3
S09,음성,CBS 5명 + 중간 5명 합류,fragment_obs,25,23,76.4,92.3,2.83,0.92,20.7,auto-evac-1 r3
S09,음성,CBS 5명 + 중간 5명 합류,fragment_obs,50,19,76.4,91.4,2.83,1.03,27.6,auto-evac-1 r3
S09,음성,CBS 5명 + 중간 5명 합류,fragment_obs,75,12,78.3,91.0,2.6,1.08,28.5,r3
S09,음성,CBS 5명 + 중간 5명 합류,fragment_obs,100,11,78.3,90.7,2.6,1.11,28.5,r3
S09,음성,CBS 5명 + 중간 5명 합류,fragment_obs,150,6,78.3,92.3,2.6,0.93,31.4,r3
S09,음성,CBS 5명 + 중간 5명 합류,fragment_obs,200,3,78.3,91.3,2.6,1.05,32.9,r3
S09,음성,CBS 5명 + 중간 5명 합류,link_tol,0.0,11,78.3,90.7,2.6,1.11,28.5,r3
S09,음성,CBS 5명 + 중간 5명 합류,link_tol,0.05,10,78.3,90.7,2.6,1.11,28.5,r3
S09,음성,CBS 5명 + 중간 5명 합류,link_tol,0.1,9,78.3,90.7,2.6,1.11,28.1,r3
S09,음성,CBS 5명 + 중간 5명 합류,link_tol,0.2,7,87.2,90.7,1.54,1.11,27.6,r3
S09,음성,CBS 5명 + 중간 5명 합류,slack_m,1.0,11,78.3,90.7,2.6,1.11,28.5,r3
S09,음성,CBS 5명 + 중간 5명 합류,slack_m,2.0,11,78.3,90.7,2.6,1.11,28.5,r3
S09,음성,CBS 5명 + 중간 5명 합류,slack_m,3.0,11,78.3,90.7,2.6,1.11,28.5,r3
S09,음성,CBS 5명 + 중간 5명 합류,slack_m,4.0,11,78.3,90.7,2.6,1.11,28.5,r3
S09,음성,CBS 5명 + 중간 5명 합류,slack_m,6.0,11,78.3,90.7,2.6,1.11,28.5,r3
S10,제외,SEI 7:3 분산,(기본값),,15,0.0,44.9,15.15,6.62,59.0,r3
S10,제외,SEI 7:3 분산,cos_th,0.4,15,0.0,44.9,15.15,6.62,59.0,r3
S10,제외,SEI 7:3 분산,cos_th,0.45,15,0.0,44.9,15.15,6.62,59.0,r3
S10,제외,SEI 7:3 분산,cos_th,0.5,15,0.0,44.9,15.15,6.62,59.0,r3
S10,제외,SEI 7:3 분산,cos_th,0.55,15,0.0,44.9,15.15,6.62,59.0,r3
S10,제외,SEI 7:3 분산,cos_th,0.6,15,0.0,44.9,15.15,6.62,59.0,r3
S10,제외,SEI 7:3 분산,fragment_obs,25,22,0.0,71.8,15.15,3.39,56.4,r3
S10,제외,SEI 7:3 분산,fragment_obs,50,17,0.0,45.5,15.15,6.54,58.2,r3
S10,제외,SEI 7:3 분산,fragment_obs,75,15,0.0,44.9,15.15,6.62,59.0,r3
S10,제외,SEI 7:3 분산,fragment_obs,100,15,0.0,44.9,15.15,6.62,59.0,r3
S10,제외,SEI 7:3 분산,fragment_obs,150,13,28.9,45.5,8.54,6.54,59.5,r3
S10,제외,SEI 7:3 분산,fragment_obs,200,13,28.9,45.5,8.54,6.54,59.5,r3
S10,제외,SEI 7:3 분산,link_tol,0.0,15,0.0,44.9,15.15,6.62,59.0,r3
S10,제외,SEI 7:3 분산,link_tol,0.05,13,28.9,45.8,8.54,6.51,59.5,r3
S10,제외,SEI 7:3 분산,link_tol,0.1,10,33.4,61.3,7.99,4.64,59.0,r3
S10,제외,SEI 7:3 분산,link_tol,0.2,9,33.4,76.9,7.99,2.77,58.3,r3
S10,제외,SEI 7:3 분산,slack_m,1.0,15,0.0,44.9,15.15,6.62,59.0,r3
S10,제외,SEI 7:3 분산,slack_m,2.0,15,0.0,44.9,15.15,6.62,59.0,r3
S10,제외,SEI 7:3 분산,slack_m,3.0,15,0.0,44.9,15.15,6.62,59.0,r3
S10,제외,SEI 7:3 분산,slack_m,4.0,15,0.0,44.9,15.15,6.62,59.0,r3
S10,제외,SEI 7:3 분산,slack_m,6.0,14,0.0,45.2,15.15,6.58,59.0,r3
S11,제외,SEI 7:3 + 2명 재진입,(기본값),,17,0.0,40.0,13.06,7.2,52.9,r3
S11,제외,SEI 7:3 + 2명 재진입,cos_th,0.4,17,0.0,40.0,13.06,7.2,52.9,r3
S11,제외,SEI 7:3 + 2명 재진입,cos_th,0.45,17,0.0,40.0,13.06,7.2,52.9,r3
S11,제외,SEI 7:3 + 2명 재진입,cos_th,0.5,17,0.0,40.0,13.06,7.2,52.9,r3
S11,제외,SEI 7:3 + 2명 재진입,cos_th,0.55,17,0.0,40.0,13.06,7.2,52.9,r3
S11,제외,SEI 7:3 + 2명 재진입,cos_th,0.6,17,0.0,40.0,13.06,7.2,52.9,r3
S11,제외,SEI 7:3 + 2명 재진입,fragment_obs,25,30,0.0,69.3,13.06,3.68,51.9,r2 r3
S11,제외,SEI 7:3 + 2명 재진입,fragment_obs,50,21,0.0,62.0,13.06,4.57,52.1,r2 r3
S11,제외,SEI 7:3 + 2명 재진입,fragment_obs,75,19,0.0,47.1,13.06,6.34,52.9,r2 r3
S11,제외,SEI 7:3 + 2명 재진입,fragment_obs,100,17,0.0,40.0,13.06,7.2,52.9,r3
S11,제외,SEI 7:3 + 2명 재진입,fragment_obs,150,15,0.0,29.6,13.06,8.45,53.5,r3
S11,제외,SEI 7:3 + 2명 재진입,fragment_obs,200,14,0.0,45.8,13.06,6.51,53.5,r3
S11,제외,SEI 7:3 + 2명 재진입,link_tol,0.0,17,0.0,40.0,13.06,7.2,52.9,r3
S11,제외,SEI 7:3 + 2명 재진입,link_tol,0.05,15,0.9,51.6,11.89,5.8,52.9,r2 r3
S11,제외,SEI 7:3 + 2명 재진입,link_tol,0.1,14,0.9,64.3,11.89,4.28,53.5,r2 r3
S11,제외,SEI 7:3 + 2명 재진입,link_tol,0.2,13,0.9,51.9,11.89,5.77,53.5,r3
S11,제외,SEI 7:3 + 2명 재진입,slack_m,1.0,17,0.0,40.0,13.06,7.2,52.9,r3
S11,제외,SEI 7:3 + 2명 재진입,slack_m,2.0,17,0.0,40.0,13.06,7.2,52.9,r3
S11,제외,SEI 7:3 + 2명 재진입,slack_m,3.0,17,0.0,40.0,13.06,7.2,52.9,r3
S11,제외,SEI 7:3 + 2명 재진입,slack_m,4.0,17,0.9,47.1,11.89,6.34,52.9,r2 r3
S11,제외,SEI 7:3 + 2명 재진입,slack_m,6.0,18,0.9,44.7,11.89,6.64,52.1,r2 r3
S12,1층,출구 나가기,(기본값),,11,50.6,76.5,5.93,2.81,43.2,r1 r2
S12,1층,출구 나가기,cos_th,0.4,11,50.6,76.5,5.93,2.81,43.2,r1 r2
S12,1층,출구 나가기,cos_th,0.45,11,50.6,76.5,5.93,2.81,43.2,r1 r2
S12,1층,출구 나가기,cos_th,0.5,11,50.6,76.5,5.93,2.81,43.2,r1 r2
S12,1층,출구 나가기,cos_th,0.55,11,50.6,76.5,5.93,2.81,43.2,r1 r2
S12,1층,출구 나가기,cos_th,0.6,11,50.6,76.5,5.93,2.81,43.2,r1 r2
S12,1층,출구 나가기,fragment_obs,25,28,50.6,89.2,5.93,1.29,3.0,r1 r2
S12,1층,출구 나가기,fragment_obs,50,16,50.6,84.7,5.93,1.83,42.6,r1 r2
S12,1층,출구 나가기,fragment_obs,75,14,50.6,83.6,5.93,1.97,43.2,r1 r2
S12,1층,출구 나가기,fragment_obs,100,11,50.6,76.5,5.93,2.81,43.2,r1 r2
S12,1층,출구 나가기,fragment_obs,150,3,50.6,63.2,5.93,4.42,43.2,r1
S12,1층,출구 나가기,fragment_obs,200,3,50.6,63.2,5.93,4.42,43.2,r1
S12,1층,출구 나가기,link_tol,0.0,11,50.6,76.5,5.93,2.81,43.2,r1 r2
S12,1층,출구 나가기,link_tol,0.05,10,50.6,78.3,5.93,2.61,43.2,r1 r2
S12,1층,출구 나가기,link_tol,0.1,8,59.4,77.3,4.87,2.72,47.5,r1 r2
S12,1층,출구 나가기,link_tol,0.2,6,59.8,77.3,4.83,2.72,49.8,r1 r2
S12,1층,출구 나가기,slack_m,1.0,11,50.6,76.5,5.93,2.81,43.2,r1 r2
S12,1층,출구 나가기,slack_m,2.0,11,50.6,76.5,5.93,2.81,43.2,r1 r2
S12,1층,출구 나가기,slack_m,3.0,11,50.6,76.5,5.93,2.81,43.2,r1 r2
S12,1층,출구 나가기,slack_m,4.0,11,50.6,76.5,5.93,2.81,43.2,r1 r2
S12,1층,출구 나가기,slack_m,6.0,11,51.5,76.5,5.82,2.81,43.2,r1 r2
S13,1층,출구 → 흡연장,(기본값),,16,71.9,83.0,3.37,2.04,8.4,r1 r2
S13,1층,출구 → 흡연장,cos_th,0.4,16,71.9,83.0,3.37,2.04,8.4,r1 r2
S13,1층,출구 → 흡연장,cos_th,0.45,16,71.9,83.0,3.37,2.04,8.4,r1 r2
S13,1층,출구 → 흡연장,cos_th,0.5,16,71.9,83.0,3.37,2.04,8.4,r1 r2
S13,1층,출구 → 흡연장,cos_th,0.55,16,71.9,83.0,3.37,2.04,8.4,r1 r2
S13,1층,출구 → 흡연장,cos_th,0.6,16,71.9,83.0,3.37,2.04,8.4,r1 r2
S13,1층,출구 → 흡연장,fragment_obs,25,24,71.2,84.7,3.46,1.84,8.1,r1 r2
S13,1층,출구 → 흡연장,fragment_obs,50,21,71.2,83.3,3.46,2.01,8.4,r1 r2
S13,1층,출구 → 흡연장,fragment_obs,75,18,71.2,82.6,3.46,2.08,8.4,r1 r2
S13,1층,출구 → 흡연장,fragment_obs,100,16,71.9,83.0,3.37,2.04,8.4,r1 r2
S13,1층,출구 → 흡연장,fragment_obs,150,9,71.9,83.3,3.37,2.01,8.9,r1 r2
S13,1층,출구 → 흡연장,fragment_obs,200,5,76.5,83.3,2.82,2.01,33.5,r1 r2
S13,1층,출구 → 흡연장,link_tol,0.0,16,71.9,83.0,3.37,2.04,8.4,r1 r2
S13,1층,출구 → 흡연장,link_tol,0.05,12,72.2,83.0,3.33,2.04,8.5,r1 r2
S13,1층,출구 → 흡연장,link_tol,0.1,11,72.5,82.8,3.3,2.07,8.6,r1 r2
S13,1층,출구 → 흡연장,link_tol,0.2,6,72.5,78.8,3.3,2.54,8.6,r1 r2
S13,1층,출구 → 흡연장,slack_m,1.0,15,71.9,83.3,3.37,2.01,8.4,r1 r2
S13,1층,출구 → 흡연장,slack_m,2.0,15,71.9,83.3,3.37,2.01,8.4,r1 r2
S13,1층,출구 → 흡연장,slack_m,3.0,16,71.9,83.0,3.37,2.04,8.4,r1 r2
S13,1층,출구 → 흡연장,slack_m,4.0,15,71.9,83.3,3.37,2.01,8.4,r1 r2
S13,1층,출구 → 흡연장,slack_m,6.0,14,71.9,83.2,3.37,2.01,8.6,r1 r2
S14,1층,반반 나눠 나가기,(기본값),,12,39.5,80.8,7.26,2.3,10.7,r1 r2
S14,1층,반반 나눠 나가기,cos_th,0.4,12,39.5,80.8,7.26,2.3,10.7,r1 r2
S14,1층,반반 나눠 나가기,cos_th,0.45,12,39.5,80.8,7.26,2.3,10.7,r1 r2
S14,1층,반반 나눠 나가기,cos_th,0.5,12,39.5,80.8,7.26,2.3,10.7,r1 r2
S14,1층,반반 나눠 나가기,cos_th,0.55,12,39.5,80.8,7.26,2.3,10.7,r1 r2
S14,1층,반반 나눠 나가기,cos_th,0.6,12,39.5,80.8,7.26,2.3,10.7,r1 r2
S14,1층,반반 나눠 나가기,fragment_obs,25,39,39.5,83.8,7.26,1.95,6.4,r1 r2
S14,1층,반반 나눠 나가기,fragment_obs,50,22,39.5,80.8,7.26,2.3,10.7,r1 r2
S14,1층,반반 나눠 나가기,fragment_obs,75,17,39.5,80.8,7.26,2.3,10.7,r1 r2
S14,1층,반반 나눠 나가기,fragment_obs,100,12,39.5,80.8,7.26,2.3,10.7,r1 r2
S14,1층,반반 나눠 나가기,fragment_obs,150,8,75.7,80.8,2.92,2.3,11.8,r1 r2
S14,1층,반반 나눠 나가기,fragment_obs,200,7,75.7,80.8,2.92,2.3,11.8,r1 r2
S14,1층,반반 나눠 나가기,link_tol,0.0,12,39.5,80.8,7.26,2.3,10.7,r1 r2
S14,1층,반반 나눠 나가기,link_tol,0.05,12,39.5,80.8,7.26,2.3,10.7,r1 r2
S14,1층,반반 나눠 나가기,link_tol,0.1,11,39.5,82.2,7.26,2.14,10.7,r1 r2
S14,1층,반반 나눠 나가기,link_tol,0.2,10,39.5,80.4,7.26,2.35,11.8,r1 r2
S14,1층,반반 나눠 나가기,slack_m,1.0,12,39.5,80.8,7.26,2.3,10.7,r1 r2
S14,1층,반반 나눠 나가기,slack_m,2.0,12,39.5,80.8,7.26,2.3,10.7,r1 r2
S14,1층,반반 나눠 나가기,slack_m,3.0,12,39.5,80.8,7.26,2.3,10.7,r1 r2
S14,1층,반반 나눠 나가기,slack_m,4.0,12,39.5,80.8,7.26,2.3,10.7,r1 r2
S14,1층,반반 나눠 나가기,slack_m,6.0,12,39.5,80.8,7.26,2.3,10.7,r1 r2
