시나리오,지표,각본,바꾼 인자,값,상태,개시 지연s,IDR m/s,참여율,거리 D(m)
S01,IDR,권장경로 2명 넘어감 + 우측 우회 2명,(기본값),,started,13.0,1.567,0.91,20.37
S01,IDR,권장경로 2명 넘어감 + 우측 우회 2명,v_th,0.2,started,13.0,1.567,0.91,20.37
S01,IDR,권장경로 2명 넘어감 + 우측 우회 2명,v_th,0.3,started,13.0,1.567,0.91,20.37
S01,IDR,권장경로 2명 넘어감 + 우측 우회 2명,v_th,0.4,started,13.0,1.567,0.91,20.37
S01,IDR,권장경로 2명 넘어감 + 우측 우회 2명,v_th,0.5,started,13.0,1.567,0.91,20.37
S01,IDR,권장경로 2명 넘어감 + 우측 우회 2명,v_th,0.6,started,13.0,1.567,0.91,20.37
S01,IDR,권장경로 2명 넘어감 + 우측 우회 2명,v_th,0.7,started,13.0,1.567,0.91,20.37
S01,IDR,권장경로 2명 넘어감 + 우측 우회 2명,v_th,0.9,started,13.0,1.567,0.91,20.37
S01,IDR,권장경로 2명 넘어감 + 우측 우회 2명,a_th,0.2,started,8.0,2.547,1.00,20.37
S01,IDR,권장경로 2명 넘어감 + 우측 우회 2명,a_th,0.35,started,8.0,2.547,0.89,20.37
S01,IDR,권장경로 2명 넘어감 + 우측 우회 2명,a_th,0.5,started,10.0,2.037,1.00,20.37
S01,IDR,권장경로 2명 넘어감 + 우측 우회 2명,a_th,0.6,started,11.0,1.852,0.91,20.37
S01,IDR,권장경로 2명 넘어감 + 우측 우회 2명,a_th,0.707,started,13.0,1.567,0.91,20.37
S01,IDR,권장경로 2명 넘어감 + 우측 우회 2명,a_th,0.8,started,13.0,1.567,0.91,20.37
S01,IDR,권장경로 2명 넘어감 + 우측 우회 2명,a_th,0.866,started,13.0,1.567,0.91,20.37
S01,IDR,권장경로 2명 넘어감 + 우측 우회 2명,a_th,0.95,not_started,,,0.00,20.37
S01,IDR,권장경로 2명 넘어감 + 우측 우회 2명,r_th,0.3,started,7.0,2.910,0.67,20.37
S01,IDR,권장경로 2명 넘어감 + 우측 우회 2명,r_th,0.4,started,8.0,2.547,0.67,20.37
S01,IDR,권장경로 2명 넘어감 + 우측 우회 2명,r_th,0.5,started,8.0,2.547,0.67,20.37
S01,IDR,권장경로 2명 넘어감 + 우측 우회 2명,r_th,0.6,started,9.0,2.264,0.62,20.37
S01,IDR,권장경로 2명 넘어감 + 우측 우회 2명,r_th,0.7,started,13.0,1.567,0.91,20.37
S01,IDR,권장경로 2명 넘어감 + 우측 우회 2명,r_th,0.8,started,13.0,1.567,0.91,20.37
S01,IDR,권장경로 2명 넘어감 + 우측 우회 2명,r_th,0.9,not_started,,,0.00,20.37
S01,IDR,권장경로 2명 넘어감 + 우측 우회 2명,dt_hold,1.0,started,13.0,1.567,0.91,20.37
S01,IDR,권장경로 2명 넘어감 + 우측 우회 2명,dt_hold,1.5,started,13.0,1.567,1.00,20.37
S01,IDR,권장경로 2명 넘어감 + 우측 우회 2명,dt_hold,2.0,started,13.0,1.567,1.00,20.37
S01,IDR,권장경로 2명 넘어감 + 우측 우회 2명,dt_hold,3.0,started,13.0,1.567,0.91,20.37
S01,IDR,권장경로 2명 넘어감 + 우측 우회 2명,dt_hold,4.0,not_started,,,0.00,20.37
S01,IDR,권장경로 2명 넘어감 + 우측 우회 2명,dt_hold,5.0,not_started,,,0.00,20.37
S01,IDR,권장경로 2명 넘어감 + 우측 우회 2명,dt_hold,7.0,not_started,,,0.00,20.37
S02,IDR,권장경로 — 매우 느린 속도,(기본값),,not_started,,,0.00,20.37
S02,IDR,권장경로 — 매우 느린 속도,v_th,0.2,started,22.0,0.926,0.70,20.37
S02,IDR,권장경로 — 매우 느린 속도,v_th,0.3,started,22.0,0.926,0.70,20.37
S02,IDR,권장경로 — 매우 느린 속도,v_th,0.4,not_started,,,0.00,20.37
S02,IDR,권장경로 — 매우 느린 속도,v_th,0.5,not_started,,,0.00,20.37
S02,IDR,권장경로 — 매우 느린 속도,v_th,0.6,not_started,,,0.00,20.37
S02,IDR,권장경로 — 매우 느린 속도,v_th,0.7,not_started,,,0.00,20.37
S02,IDR,권장경로 — 매우 느린 속도,v_th,0.9,not_started,,,0.00,20.37
S02,IDR,권장경로 — 매우 느린 속도,a_th,0.2,not_started,,,0.00,20.37
S02,IDR,권장경로 — 매우 느린 속도,a_th,0.35,not_started,,,0.00,20.37
S02,IDR,권장경로 — 매우 느린 속도,a_th,0.5,not_started,,,0.00,20.37
S02,IDR,권장경로 — 매우 느린 속도,a_th,0.6,not_started,,,0.00,20.37
S02,IDR,권장경로 — 매우 느린 속도,a_th,0.707,not_started,,,0.00,20.37
S02,IDR,권장경로 — 매우 느린 속도,a_th,0.8,not_started,,,0.00,20.37
S02,IDR,권장경로 — 매우 느린 속도,a_th,0.866,not_started,,,0.00,20.37
S02,IDR,권장경로 — 매우 느린 속도,a_th,0.95,not_started,,,0.00,20.37
S02,IDR,권장경로 — 매우 느린 속도,r_th,0.3,started,12.0,1.698,0.80,20.37
S02,IDR,권장경로 — 매우 느린 속도,r_th,0.4,started,12.0,1.698,0.80,20.37
S02,IDR,권장경로 — 매우 느린 속도,r_th,0.5,started,17.0,1.198,0.75,20.37
S02,IDR,권장경로 — 매우 느린 속도,r_th,0.6,not_started,,,0.00,20.37
S02,IDR,권장경로 — 매우 느린 속도,r_th,0.7,not_started,,,0.00,20.37
S02,IDR,권장경로 — 매우 느린 속도,r_th,0.8,not_started,,,0.00,20.37
S02,IDR,권장경로 — 매우 느린 속도,r_th,0.9,not_started,,,0.00,20.37
S02,IDR,권장경로 — 매우 느린 속도,dt_hold,1.0,started,22.0,0.926,0.75,20.37
S02,IDR,권장경로 — 매우 느린 속도,dt_hold,1.5,not_started,,,0.00,20.37
S02,IDR,권장경로 — 매우 느린 속도,dt_hold,2.0,not_started,,,0.00,20.37
S02,IDR,권장경로 — 매우 느린 속도,dt_hold,3.0,not_started,,,0.00,20.37
S02,IDR,권장경로 — 매우 느린 속도,dt_hold,4.0,not_started,,,0.00,20.37
S02,IDR,권장경로 — 매우 느린 속도,dt_hold,5.0,not_started,,,0.00,20.37
S02,IDR,권장경로 — 매우 느린 속도,dt_hold,7.0,not_started,,,0.00,20.37
S03,IDR,2초 멈췄다 움직였다 이동,(기본값),,not_started,,,0.00,20.37
S03,IDR,2초 멈췄다 움직였다 이동,v_th,0.2,not_started,,,0.00,20.37
S03,IDR,2초 멈췄다 움직였다 이동,v_th,0.3,not_started,,,0.00,20.37
S03,IDR,2초 멈췄다 움직였다 이동,v_th,0.4,not_started,,,0.00,20.37
S03,IDR,2초 멈췄다 움직였다 이동,v_th,0.5,not_started,,,0.00,20.37
S03,IDR,2초 멈췄다 움직였다 이동,v_th,0.6,not_started,,,0.00,20.37
S03,IDR,2초 멈췄다 움직였다 이동,v_th,0.7,not_started,,,0.00,20.37
S03,IDR,2초 멈췄다 움직였다 이동,v_th,0.9,not_started,,,0.00,20.37
S03,IDR,2초 멈췄다 움직였다 이동,a_th,0.2,not_started,,,0.00,20.37
S03,IDR,2초 멈췄다 움직였다 이동,a_th,0.35,not_started,,,0.00,20.37
S03,IDR,2초 멈췄다 움직였다 이동,a_th,0.5,not_started,,,0.00,20.37
S03,IDR,2초 멈췄다 움직였다 이동,a_th,0.6,not_started,,,0.00,20.37
S03,IDR,2초 멈췄다 움직였다 이동,a_th,0.707,not_started,,,0.00,20.37
S03,IDR,2초 멈췄다 움직였다 이동,a_th,0.8,not_started,,,0.00,20.37
S03,IDR,2초 멈췄다 움직였다 이동,a_th,0.866,not_started,,,0.00,20.37
S03,IDR,2초 멈췄다 움직였다 이동,a_th,0.95,not_started,,,0.00,20.37
S03,IDR,2초 멈췄다 움직였다 이동,r_th,0.3,not_started,,,0.00,20.37
S03,IDR,2초 멈췄다 움직였다 이동,r_th,0.4,not_started,,,0.00,20.37
S03,IDR,2초 멈췄다 움직였다 이동,r_th,0.5,not_started,,,0.00,20.37
S03,IDR,2초 멈췄다 움직였다 이동,r_th,0.6,not_started,,,0.00,20.37
S03,IDR,2초 멈췄다 움직였다 이동,r_th,0.7,not_started,,,0.00,20.37
S03,IDR,2초 멈췄다 움직였다 이동,r_th,0.8,not_started,,,0.00,20.37
S03,IDR,2초 멈췄다 움직였다 이동,r_th,0.9,not_started,,,0.00,20.37
S03,IDR,2초 멈췄다 움직였다 이동,dt_hold,1.0,started,32.0,0.637,0.83,20.37
S03,IDR,2초 멈췄다 움직였다 이동,dt_hold,1.5,not_started,,,0.00,20.37
S03,IDR,2초 멈췄다 움직였다 이동,dt_hold,2.0,not_started,,,0.00,20.37
S03,IDR,2초 멈췄다 움직였다 이동,dt_hold,3.0,not_started,,,0.00,20.37
S03,IDR,2초 멈췄다 움직였다 이동,dt_hold,4.0,not_started,,,0.00,20.37
S03,IDR,2초 멈췄다 움직였다 이동,dt_hold,5.0,not_started,,,0.00,20.37
S03,IDR,2초 멈췄다 움직였다 이동,dt_hold,7.0,not_started,,,0.00,20.37
S04,EPFI,2명이 완전 빙 돌아 진입,(기본값),,started,2.0,10.186,0.88,20.37
S04,EPFI,2명이 완전 빙 돌아 진입,v_th,0.2,started,2.0,10.186,0.88,20.37
S04,EPFI,2명이 완전 빙 돌아 진입,v_th,0.3,started,2.0,10.186,0.88,20.37
S04,EPFI,2명이 완전 빙 돌아 진입,v_th,0.4,started,2.0,10.186,0.88,20.37
S04,EPFI,2명이 완전 빙 돌아 진입,v_th,0.5,started,2.0,10.186,0.88,20.37
S04,EPFI,2명이 완전 빙 돌아 진입,v_th,0.6,started,9.0,2.264,0.90,20.37
S04,EPFI,2명이 완전 빙 돌아 진입,v_th,0.7,started,9.0,2.264,0.90,20.37
S04,EPFI,2명이 완전 빙 돌아 진입,v_th,0.9,started,9.0,2.264,0.80,20.37
S04,EPFI,2명이 완전 빙 돌아 진입,a_th,0.2,started,2.0,10.186,0.88,20.37
S04,EPFI,2명이 완전 빙 돌아 진입,a_th,0.35,started,2.0,10.186,0.88,20.37
S04,EPFI,2명이 완전 빙 돌아 진입,a_th,0.5,started,2.0,10.186,0.88,20.37
S04,EPFI,2명이 완전 빙 돌아 진입,a_th,0.6,started,2.0,10.186,0.88,20.37
S04,EPFI,2명이 완전 빙 돌아 진입,a_th,0.707,started,2.0,10.186,0.88,20.37
S04,EPFI,2명이 완전 빙 돌아 진입,a_th,0.8,started,9.0,2.264,0.90,20.37
S04,EPFI,2명이 완전 빙 돌아 진입,a_th,0.866,started,10.0,2.037,0.90,20.37
S04,EPFI,2명이 완전 빙 돌아 진입,a_th,0.95,started,12.0,1.698,0.70,20.37
S04,EPFI,2명이 완전 빙 돌아 진입,r_th,0.3,started,1.0,20.372,0.78,20.37
S04,EPFI,2명이 완전 빙 돌아 진입,r_th,0.4,started,1.0,20.372,0.78,20.37
S04,EPFI,2명이 완전 빙 돌아 진입,r_th,0.5,started,1.0,20.372,0.78,20.37
S04,EPFI,2명이 완전 빙 돌아 진입,r_th,0.6,started,2.0,10.186,0.88,20.37
S04,EPFI,2명이 완전 빙 돌아 진입,r_th,0.7,started,2.0,10.186,0.88,20.37
S04,EPFI,2명이 완전 빙 돌아 진입,r_th,0.8,started,9.0,2.264,0.90,20.37
S04,EPFI,2명이 완전 빙 돌아 진입,r_th,0.9,not_started,,,0.00,20.37
S04,EPFI,2명이 완전 빙 돌아 진입,dt_hold,1.0,started,2.0,10.186,0.75,20.37
S04,EPFI,2명이 완전 빙 돌아 진입,dt_hold,1.5,started,2.0,10.186,0.78,20.37
S04,EPFI,2명이 완전 빙 돌아 진입,dt_hold,2.0,started,2.0,10.186,0.78,20.37
S04,EPFI,2명이 완전 빙 돌아 진입,dt_hold,3.0,started,2.0,10.186,0.88,20.37
S04,EPFI,2명이 완전 빙 돌아 진입,dt_hold,4.0,started,9.0,2.264,0.90,20.37
S04,EPFI,2명이 완전 빙 돌아 진입,dt_hold,5.0,started,9.0,2.264,0.80,20.37
S04,EPFI,2명이 완전 빙 돌아 진입,dt_hold,7.0,not_started,,,0.00,20.37
S05,EPFI,2명 시작점 복귀 후 재진입,(기본값),,started,4.0,5.093,1.00,20.37
S05,EPFI,2명 시작점 복귀 후 재진입,v_th,0.2,started,4.0,5.093,1.00,20.37
S05,EPFI,2명 시작점 복귀 후 재진입,v_th,0.3,started,4.0,5.093,1.00,20.37
S05,EPFI,2명 시작점 복귀 후 재진입,v_th,0.4,started,4.0,5.093,1.00,20.37
S05,EPFI,2명 시작점 복귀 후 재진입,v_th,0.5,started,4.0,5.093,1.00,20.37
S05,EPFI,2명 시작점 복귀 후 재진입,v_th,0.6,started,4.0,5.093,1.00,20.37
S05,EPFI,2명 시작점 복귀 후 재진입,v_th,0.7,started,4.0,5.093,1.00,20.37
S05,EPFI,2명 시작점 복귀 후 재진입,v_th,0.9,started,5.0,4.074,0.78,20.37
S05,EPFI,2명 시작점 복귀 후 재진입,a_th,0.2,started,3.0,6.791,1.00,20.37
S05,EPFI,2명 시작점 복귀 후 재진입,a_th,0.35,started,3.0,6.791,1.00,20.37
S05,EPFI,2명 시작점 복귀 후 재진입,a_th,0.5,started,3.0,6.791,1.00,20.37
S05,EPFI,2명 시작점 복귀 후 재진입,a_th,0.6,started,4.0,5.093,1.00,20.37
S05,EPFI,2명 시작점 복귀 후 재진입,a_th,0.707,started,4.0,5.093,1.00,20.37
S05,EPFI,2명 시작점 복귀 후 재진입,a_th,0.8,started,4.0,5.093,1.00,20.37
S05,EPFI,2명 시작점 복귀 후 재진입,a_th,0.866,started,4.0,5.093,0.86,20.37
S05,EPFI,2명 시작점 복귀 후 재진입,a_th,0.95,not_started,,,0.00,20.37
S05,EPFI,2명 시작점 복귀 후 재진입,r_th,0.3,started,1.0,20.372,0.91,20.37
S05,EPFI,2명 시작점 복귀 후 재진입,r_th,0.4,started,2.0,10.186,1.00,20.37
S05,EPFI,2명 시작점 복귀 후 재진입,r_th,0.5,started,2.0,10.186,1.00,20.37
S05,EPFI,2명 시작점 복귀 후 재진입,r_th,0.6,started,3.0,6.791,1.00,20.37
S05,EPFI,2명 시작점 복귀 후 재진입,r_th,0.7,started,4.0,5.093,1.00,20.37
S05,EPFI,2명 시작점 복귀 후 재진입,r_th,0.8,started,4.0,5.093,1.00,20.37
S05,EPFI,2명 시작점 복귀 후 재진입,r_th,0.9,started,4.0,5.093,1.00,20.37
S05,EPFI,2명 시작점 복귀 후 재진입,dt_hold,1.0,started,4.0,5.093,1.00,20.37
S05,EPFI,2명 시작점 복귀 후 재진입,dt_hold,1.5,started,4.0,5.093,1.00,20.37
S05,EPFI,2명 시작점 복귀 후 재진입,dt_hold,2.0,started,4.0,5.093,1.00,20.37
S05,EPFI,2명 시작점 복귀 후 재진입,dt_hold,3.0,started,4.0,5.093,1.00,20.37
S05,EPFI,2명 시작점 복귀 후 재진입,dt_hold,4.0,started,4.0,5.093,0.78,20.37
S05,EPFI,2명 시작점 복귀 후 재진입,dt_hold,5.0,started,4.0,5.093,0.83,20.37
S05,EPFI,2명 시작점 복귀 후 재진입,dt_hold,7.0,started,4.0,5.093,0.88,20.37
S06,EPFI,1명이 빙빙 돌아 진입,(기본값),,started,4.0,5.093,0.83,20.37
S06,EPFI,1명이 빙빙 돌아 진입,v_th,0.2,started,4.0,5.093,0.83,20.37
S06,EPFI,1명이 빙빙 돌아 진입,v_th,0.3,started,4.0,5.093,0.83,20.37
S06,EPFI,1명이 빙빙 돌아 진입,v_th,0.4,started,4.0,5.093,0.83,20.37
S06,EPFI,1명이 빙빙 돌아 진입,v_th,0.5,started,4.0,5.093,0.83,20.37
S06,EPFI,1명이 빙빙 돌아 진입,v_th,0.6,started,5.0,4.074,0.91,20.37
S06,EPFI,1명이 빙빙 돌아 진입,v_th,0.7,started,5.0,4.074,0.91,20.37
S06,EPFI,1명이 빙빙 돌아 진입,v_th,0.9,started,8.0,2.547,0.86,20.37
S06,EPFI,1명이 빙빙 돌아 진입,a_th,0.2,started,4.0,5.093,0.92,20.37
S06,EPFI,1명이 빙빙 돌아 진입,a_th,0.35,started,4.0,5.093,0.83,20.37
S06,EPFI,1명이 빙빙 돌아 진입,a_th,0.5,started,4.0,5.093,0.83,20.37
S06,EPFI,1명이 빙빙 돌아 진입,a_th,0.6,started,4.0,5.093,0.83,20.37
S06,EPFI,1명이 빙빙 돌아 진입,a_th,0.707,started,4.0,5.093,0.83,20.37
S06,EPFI,1명이 빙빙 돌아 진입,a_th,0.8,started,7.0,2.910,0.78,20.37
S06,EPFI,1명이 빙빙 돌아 진입,a_th,0.866,not_started,,,0.00,20.37
S06,EPFI,1명이 빙빙 돌아 진입,a_th,0.95,not_started,,,0.00,20.37
S06,EPFI,1명이 빙빙 돌아 진입,r_th,0.3,started,2.0,10.186,0.80,20.37
S06,EPFI,1명이 빙빙 돌아 진입,r_th,0.4,started,2.0,10.186,0.80,20.37
S06,EPFI,1명이 빙빙 돌아 진입,r_th,0.5,started,2.0,10.186,0.80,20.37
S06,EPFI,1명이 빙빙 돌아 진입,r_th,0.6,started,2.0,10.186,0.80,20.37
S06,EPFI,1명이 빙빙 돌아 진입,r_th,0.7,started,4.0,5.093,0.83,20.37
S06,EPFI,1명이 빙빙 돌아 진입,r_th,0.8,started,5.0,4.074,0.91,20.37
S06,EPFI,1명이 빙빙 돌아 진입,r_th,0.9,not_started,,,0.00,20.37
S06,EPFI,1명이 빙빙 돌아 진입,dt_hold,1.0,started,4.0,5.093,0.80,20.37
S06,EPFI,1명이 빙빙 돌아 진입,dt_hold,1.5,started,4.0,5.093,1.00,20.37
S06,EPFI,1명이 빙빙 돌아 진입,dt_hold,2.0,started,4.0,5.093,1.00,20.37
S06,EPFI,1명이 빙빙 돌아 진입,dt_hold,3.0,started,4.0,5.093,0.83,20.37
S06,EPFI,1명이 빙빙 돌아 진입,dt_hold,4.0,started,4.0,5.093,0.91,20.37
S06,EPFI,1명이 빙빙 돌아 진입,dt_hold,5.0,started,4.0,5.093,0.88,20.37
S06,EPFI,1명이 빙빙 돌아 진입,dt_hold,7.0,started,4.0,5.093,0.86,20.37
S07,CBS,2열로 진입,(기본값),,not_started,,,0.00,20.37
S07,CBS,2열로 진입,v_th,0.2,not_started,,,0.00,20.37
S07,CBS,2열로 진입,v_th,0.3,not_started,,,0.00,20.37
S07,CBS,2열로 진입,v_th,0.4,not_started,,,0.00,20.37
S07,CBS,2열로 진입,v_th,0.5,not_started,,,0.00,20.37
S07,CBS,2열로 진입,v_th,0.6,not_started,,,0.00,20.37
S07,CBS,2열로 진입,v_th,0.7,not_started,,,0.00,20.37
S07,CBS,2열로 진입,v_th,0.9,not_started,,,0.00,20.37
S07,CBS,2열로 진입,a_th,0.2,started,8.0,2.547,0.92,20.37
S07,CBS,2열로 진입,a_th,0.35,started,8.0,2.547,0.85,20.37
S07,CBS,2열로 진입,a_th,0.5,started,8.0,2.547,0.85,20.37
S07,CBS,2열로 진입,a_th,0.6,started,8.0,2.547,0.77,20.37
S07,CBS,2열로 진입,a_th,0.707,not_started,,,0.00,20.37
S07,CBS,2열로 진입,a_th,0.8,not_started,,,0.00,20.37
S07,CBS,2열로 진입,a_th,0.866,not_started,,,0.00,20.37
S07,CBS,2열로 진입,a_th,0.95,not_started,,,0.00,20.37
S07,CBS,2열로 진입,r_th,0.3,started,7.0,2.910,0.75,20.37
S07,CBS,2열로 진입,r_th,0.4,started,7.0,2.910,0.75,20.37
S07,CBS,2열로 진입,r_th,0.5,started,8.0,2.547,0.77,20.37
S07,CBS,2열로 진입,r_th,0.6,started,8.0,2.547,0.77,20.37
S07,CBS,2열로 진입,r_th,0.7,not_started,,,0.00,20.37
S07,CBS,2열로 진입,r_th,0.8,not_started,,,0.00,20.37
S07,CBS,2열로 진입,r_th,0.9,not_started,,,0.00,20.37
S07,CBS,2열로 진입,dt_hold,1.0,started,10.0,2.037,0.77,20.37
S07,CBS,2열로 진입,dt_hold,1.5,not_started,,,0.00,20.37
S07,CBS,2열로 진입,dt_hold,2.0,not_started,,,0.00,20.37
S07,CBS,2열로 진입,dt_hold,3.0,not_started,,,0.00,20.37
S07,CBS,2열로 진입,dt_hold,4.0,not_started,,,0.00,20.37
S07,CBS,2열로 진입,dt_hold,5.0,not_started,,,0.00,20.37
S07,CBS,2열로 진입,dt_hold,7.0,not_started,,,0.00,20.37
S08,CBS,문 근처 밀집 2회,(기본값),,not_started,,,0.00,20.37
S08,CBS,문 근처 밀집 2회,v_th,0.2,not_started,,,0.00,20.37
S08,CBS,문 근처 밀집 2회,v_th,0.3,not_started,,,0.00,20.37
S08,CBS,문 근처 밀집 2회,v_th,0.4,not_started,,,0.00,20.37
S08,CBS,문 근처 밀집 2회,v_th,0.5,not_started,,,0.00,20.37
S08,CBS,문 근처 밀집 2회,v_th,0.6,not_started,,,0.00,20.37
S08,CBS,문 근처 밀집 2회,v_th,0.7,not_started,,,0.00,20.37
S08,CBS,문 근처 밀집 2회,v_th,0.9,not_started,,,0.00,20.37
S08,CBS,문 근처 밀집 2회,a_th,0.2,not_started,,,0.00,20.37
S08,CBS,문 근처 밀집 2회,a_th,0.35,not_started,,,0.00,20.37
S08,CBS,문 근처 밀집 2회,a_th,0.5,not_started,,,0.00,20.37
S08,CBS,문 근처 밀집 2회,a_th,0.6,not_started,,,0.00,20.37
S08,CBS,문 근처 밀집 2회,a_th,0.707,not_started,,,0.00,20.37
S08,CBS,문 근처 밀집 2회,a_th,0.8,not_started,,,0.00,20.37
S08,CBS,문 근처 밀집 2회,a_th,0.866,not_started,,,0.00,20.37
S08,CBS,문 근처 밀집 2회,a_th,0.95,not_started,,,0.00,20.37
S08,CBS,문 근처 밀집 2회,r_th,0.3,started,7.0,2.910,0.33,20.37
S08,CBS,문 근처 밀집 2회,r_th,0.4,started,12.0,1.698,0.42,20.37
S08,CBS,문 근처 밀집 2회,r_th,0.5,not_started,,,0.00,20.37
S08,CBS,문 근처 밀집 2회,r_th,0.6,not_started,,,0.00,20.37
S08,CBS,문 근처 밀집 2회,r_th,0.7,not_started,,,0.00,20.37
S08,CBS,문 근처 밀집 2회,r_th,0.8,not_started,,,0.00,20.37
S08,CBS,문 근처 밀집 2회,r_th,0.9,not_started,,,0.00,20.37
S08,CBS,문 근처 밀집 2회,dt_hold,1.0,not_started,,,0.00,20.37
S08,CBS,문 근처 밀집 2회,dt_hold,1.5,not_started,,,0.00,20.37
S08,CBS,문 근처 밀집 2회,dt_hold,2.0,not_started,,,0.00,20.37
S08,CBS,문 근처 밀집 2회,dt_hold,3.0,not_started,,,0.00,20.37
S08,CBS,문 근처 밀집 2회,dt_hold,4.0,not_started,,,0.00,20.37
S08,CBS,문 근처 밀집 2회,dt_hold,5.0,not_started,,,0.00,20.37
S08,CBS,문 근처 밀집 2회,dt_hold,7.0,not_started,,,0.00,20.37
S09,CBS,5명 + 중간 5명 합류,(기본값),,not_started,,,0.00,20.37
S09,CBS,5명 + 중간 5명 합류,v_th,0.2,not_started,,,0.00,20.37
S09,CBS,5명 + 중간 5명 합류,v_th,0.3,not_started,,,0.00,20.37
S09,CBS,5명 + 중간 5명 합류,v_th,0.4,not_started,,,0.00,20.37
S09,CBS,5명 + 중간 5명 합류,v_th,0.5,not_started,,,0.00,20.37
S09,CBS,5명 + 중간 5명 합류,v_th,0.6,not_started,,,0.00,20.37
S09,CBS,5명 + 중간 5명 합류,v_th,0.7,not_started,,,0.00,20.37
S09,CBS,5명 + 중간 5명 합류,v_th,0.9,not_started,,,0.00,20.37
S09,CBS,5명 + 중간 5명 합류,a_th,0.2,started,19.0,1.072,0.71,20.37
S09,CBS,5명 + 중간 5명 합류,a_th,0.35,started,19.0,1.072,0.71,20.37
S09,CBS,5명 + 중간 5명 합류,a_th,0.5,not_started,,,0.00,20.37
S09,CBS,5명 + 중간 5명 합류,a_th,0.6,not_started,,,0.00,20.37
S09,CBS,5명 + 중간 5명 합류,a_th,0.707,not_started,,,0.00,20.37
S09,CBS,5명 + 중간 5명 합류,a_th,0.8,not_started,,,0.00,20.37
S09,CBS,5명 + 중간 5명 합류,a_th,0.866,not_started,,,0.00,20.37
S09,CBS,5명 + 중간 5명 합류,a_th,0.95,not_started,,,0.00,20.37
S09,CBS,5명 + 중간 5명 합류,r_th,0.3,started,4.0,5.093,0.33,20.37
S09,CBS,5명 + 중간 5명 합류,r_th,0.4,started,15.0,1.358,0.60,20.37
S09,CBS,5명 + 중간 5명 합류,r_th,0.5,started,15.0,1.358,0.60,20.37
S09,CBS,5명 + 중간 5명 합류,r_th,0.6,started,15.0,1.358,0.60,20.37
S09,CBS,5명 + 중간 5명 합류,r_th,0.7,not_started,,,0.00,20.37
S09,CBS,5명 + 중간 5명 합류,r_th,0.8,not_started,,,0.00,20.37
S09,CBS,5명 + 중간 5명 합류,r_th,0.9,not_started,,,0.00,20.37
S09,CBS,5명 + 중간 5명 합류,dt_hold,1.0,not_started,,,0.00,20.37
S09,CBS,5명 + 중간 5명 합류,dt_hold,1.5,not_started,,,0.00,20.37
S09,CBS,5명 + 중간 5명 합류,dt_hold,2.0,not_started,,,0.00,20.37
S09,CBS,5명 + 중간 5명 합류,dt_hold,3.0,not_started,,,0.00,20.37
S09,CBS,5명 + 중간 5명 합류,dt_hold,4.0,not_started,,,0.00,20.37
S09,CBS,5명 + 중간 5명 합류,dt_hold,5.0,not_started,,,0.00,20.37
S09,CBS,5명 + 중간 5명 합류,dt_hold,7.0,not_started,,,0.00,20.37
S10,SEI,7:3 분산,(기본값),,not_started,,,0.00,20.37
S10,SEI,7:3 분산,v_th,0.2,not_started,,,0.00,20.37
S10,SEI,7:3 분산,v_th,0.3,not_started,,,0.00,20.37
S10,SEI,7:3 분산,v_th,0.4,not_started,,,0.00,20.37
S10,SEI,7:3 분산,v_th,0.5,not_started,,,0.00,20.37
S10,SEI,7:3 분산,v_th,0.6,not_started,,,0.00,20.37
S10,SEI,7:3 분산,v_th,0.7,not_started,,,0.00,20.37
S10,SEI,7:3 분산,v_th,0.9,not_started,,,0.00,20.37
S10,SEI,7:3 분산,a_th,0.2,started,11.0,1.852,0.91,20.37
S10,SEI,7:3 분산,a_th,0.35,started,11.0,1.852,0.82,20.37
S10,SEI,7:3 분산,a_th,0.5,started,11.0,1.852,0.82,20.37
S10,SEI,7:3 분산,a_th,0.6,not_started,,,0.00,20.37
S10,SEI,7:3 분산,a_th,0.707,not_started,,,0.00,20.37
S10,SEI,7:3 분산,a_th,0.8,not_started,,,0.00,20.37
S10,SEI,7:3 분산,a_th,0.866,not_started,,,0.00,20.37
S10,SEI,7:3 분산,a_th,0.95,not_started,,,0.00,20.37
S10,SEI,7:3 분산,r_th,0.3,started,10.0,2.037,0.45,20.37
S10,SEI,7:3 분산,r_th,0.4,started,10.0,2.037,0.45,20.37
S10,SEI,7:3 분산,r_th,0.5,started,14.0,1.455,0.60,20.37
S10,SEI,7:3 분산,r_th,0.6,started,14.0,1.455,0.60,20.37
S10,SEI,7:3 분산,r_th,0.7,not_started,,,0.00,20.37
S10,SEI,7:3 분산,r_th,0.8,not_started,,,0.00,20.37
S10,SEI,7:3 분산,r_th,0.9,not_started,,,0.00,20.37
S10,SEI,7:3 분산,dt_hold,1.0,not_started,,,0.00,20.37
S10,SEI,7:3 분산,dt_hold,1.5,not_started,,,0.00,20.37
S10,SEI,7:3 분산,dt_hold,2.0,not_started,,,0.00,20.37
S10,SEI,7:3 분산,dt_hold,3.0,not_started,,,0.00,20.37
S10,SEI,7:3 분산,dt_hold,4.0,not_started,,,0.00,20.37
S10,SEI,7:3 분산,dt_hold,5.0,not_started,,,0.00,20.37
S10,SEI,7:3 분산,dt_hold,7.0,not_started,,,0.00,20.37
S11,SEI,7:3 + 2명 재진입,(기본값),,not_started,,,0.00,20.37
S11,SEI,7:3 + 2명 재진입,v_th,0.2,not_started,,,0.00,20.37
S11,SEI,7:3 + 2명 재진입,v_th,0.3,not_started,,,0.00,20.37
S11,SEI,7:3 + 2명 재진입,v_th,0.4,not_started,,,0.00,20.37
S11,SEI,7:3 + 2명 재진입,v_th,0.5,not_started,,,0.00,20.37
S11,SEI,7:3 + 2명 재진입,v_th,0.6,not_started,,,0.00,20.37
S11,SEI,7:3 + 2명 재진입,v_th,0.7,not_started,,,0.00,20.37
S11,SEI,7:3 + 2명 재진입,v_th,0.9,not_started,,,0.00,20.37
S11,SEI,7:3 + 2명 재진입,a_th,0.2,started,9.0,2.264,0.77,20.37
S11,SEI,7:3 + 2명 재진입,a_th,0.35,not_started,,,0.00,20.37
S11,SEI,7:3 + 2명 재진입,a_th,0.5,not_started,,,0.00,20.37
S11,SEI,7:3 + 2명 재진입,a_th,0.6,not_started,,,0.00,20.37
S11,SEI,7:3 + 2명 재진입,a_th,0.707,not_started,,,0.00,20.37
S11,SEI,7:3 + 2명 재진입,a_th,0.8,not_started,,,0.00,20.37
S11,SEI,7:3 + 2명 재진입,a_th,0.866,not_started,,,0.00,20.37
S11,SEI,7:3 + 2명 재진입,a_th,0.95,not_started,,,0.00,20.37
S11,SEI,7:3 + 2명 재진입,r_th,0.3,started,6.0,3.395,0.62,20.37
S11,SEI,7:3 + 2명 재진입,r_th,0.4,started,7.0,2.910,0.58,20.37
S11,SEI,7:3 + 2명 재진입,r_th,0.5,started,8.0,2.547,0.73,20.37
S11,SEI,7:3 + 2명 재진입,r_th,0.6,not_started,,,0.00,20.37
S11,SEI,7:3 + 2명 재진입,r_th,0.7,not_started,,,0.00,20.37
S11,SEI,7:3 + 2명 재진입,r_th,0.8,not_started,,,0.00,20.37
S11,SEI,7:3 + 2명 재진입,r_th,0.9,not_started,,,0.00,20.37
S11,SEI,7:3 + 2명 재진입,dt_hold,1.0,not_started,,,0.00,20.37
S11,SEI,7:3 + 2명 재진입,dt_hold,1.5,not_started,,,0.00,20.37
S11,SEI,7:3 + 2명 재진입,dt_hold,2.0,not_started,,,0.00,20.37
S11,SEI,7:3 + 2명 재진입,dt_hold,3.0,not_started,,,0.00,20.37
S11,SEI,7:3 + 2명 재진입,dt_hold,4.0,not_started,,,0.00,20.37
S11,SEI,7:3 + 2명 재진입,dt_hold,5.0,not_started,,,0.00,20.37
S11,SEI,7:3 + 2명 재진입,dt_hold,7.0,not_started,,,0.00,20.37
S12,1층,출구 나가기,(기본값),,started,42.0,0.530,0.75,22.26
S12,1층,출구 나가기,v_th,0.2,started,42.0,0.530,0.75,22.26
S12,1층,출구 나가기,v_th,0.3,started,42.0,0.530,0.75,22.26
S12,1층,출구 나가기,v_th,0.4,started,42.0,0.530,0.75,22.26
S12,1층,출구 나가기,v_th,0.5,started,42.0,0.530,0.75,22.26
S12,1층,출구 나가기,v_th,0.6,started,43.0,0.518,0.75,22.26
S12,1층,출구 나가기,v_th,0.7,started,44.0,0.506,0.86,22.26
S12,1층,출구 나가기,v_th,0.9,started,45.0,0.495,0.75,22.26
S12,1층,출구 나가기,a_th,0.2,started,42.0,0.530,0.88,22.26
S12,1층,출구 나가기,a_th,0.35,started,42.0,0.530,0.88,22.26
S12,1층,출구 나가기,a_th,0.5,started,42.0,0.530,0.88,22.26
S12,1층,출구 나가기,a_th,0.6,started,42.0,0.530,0.75,22.26
S12,1층,출구 나가기,a_th,0.707,started,42.0,0.530,0.75,22.26
S12,1층,출구 나가기,a_th,0.8,started,42.0,0.530,0.75,22.26
S12,1층,출구 나가기,a_th,0.866,started,42.0,0.530,0.75,22.26
S12,1층,출구 나가기,a_th,0.95,started,53.0,0.420,0.88,22.26
S12,1층,출구 나가기,r_th,0.3,started,41.0,0.543,0.80,22.26
S12,1층,출구 나가기,r_th,0.4,started,41.0,0.543,0.80,22.26
S12,1층,출구 나가기,r_th,0.5,started,41.0,0.543,0.80,22.26
S12,1층,출구 나가기,r_th,0.6,started,42.0,0.530,0.75,22.26
S12,1층,출구 나가기,r_th,0.7,started,42.0,0.530,0.75,22.26
S12,1층,출구 나가기,r_th,0.8,started,47.0,0.474,0.80,22.26
S12,1층,출구 나가기,r_th,0.9,started,65.0,0.342,1.00,22.26
S12,1층,출구 나가기,dt_hold,1.0,started,42.0,0.530,0.78,22.26
S12,1층,출구 나가기,dt_hold,1.5,started,42.0,0.530,0.80,22.26
S12,1층,출구 나가기,dt_hold,2.0,started,42.0,0.530,0.80,22.26
S12,1층,출구 나가기,dt_hold,3.0,started,42.0,0.530,0.75,22.26
S12,1층,출구 나가기,dt_hold,4.0,started,42.0,0.530,0.75,22.26
S12,1층,출구 나가기,dt_hold,5.0,started,42.0,0.530,0.86,22.26
S12,1층,출구 나가기,dt_hold,7.0,started,42.0,0.530,1.00,22.26
S13,1층,출구 → 흡연장,(기본값),,started,36.0,0.618,0.70,22.26
S13,1층,출구 → 흡연장,v_th,0.2,started,36.0,0.618,0.70,22.26
S13,1층,출구 → 흡연장,v_th,0.3,started,36.0,0.618,0.70,22.26
S13,1층,출구 → 흡연장,v_th,0.4,started,36.0,0.618,0.70,22.26
S13,1층,출구 → 흡연장,v_th,0.5,started,36.0,0.618,0.70,22.26
S13,1층,출구 → 흡연장,v_th,0.6,started,36.0,0.618,0.70,22.26
S13,1층,출구 → 흡연장,v_th,0.7,started,43.0,0.518,0.71,22.26
S13,1층,출구 → 흡연장,v_th,0.9,not_started,,,0.00,22.26
S13,1층,출구 → 흡연장,a_th,0.2,started,36.0,0.618,0.80,22.26
S13,1층,출구 → 흡연장,a_th,0.35,started,36.0,0.618,0.80,22.26
S13,1층,출구 → 흡연장,a_th,0.5,started,36.0,0.618,0.80,22.26
S13,1층,출구 → 흡연장,a_th,0.6,started,36.0,0.618,0.80,22.26
S13,1층,출구 → 흡연장,a_th,0.707,started,36.0,0.618,0.70,22.26
S13,1층,출구 → 흡연장,a_th,0.8,started,42.0,0.530,0.83,22.26
S13,1층,출구 → 흡연장,a_th,0.866,started,45.0,0.495,0.80,22.26
S13,1층,출구 → 흡연장,a_th,0.95,not_started,,,0.00,22.26
S13,1층,출구 → 흡연장,r_th,0.3,started,32.0,0.695,0.67,22.26
S13,1층,출구 → 흡연장,r_th,0.4,started,33.0,0.674,0.75,22.26
S13,1층,출구 → 흡연장,r_th,0.5,started,33.0,0.674,0.75,22.26
S13,1층,출구 → 흡연장,r_th,0.6,started,34.0,0.655,0.80,22.26
S13,1층,출구 → 흡연장,r_th,0.7,started,36.0,0.618,0.70,22.26
S13,1층,출구 → 흡연장,r_th,0.8,not_started,,,0.00,22.26
S13,1층,출구 → 흡연장,r_th,0.9,not_started,,,0.00,22.26
S13,1층,출구 → 흡연장,dt_hold,1.0,started,36.0,0.618,0.80,22.26
S13,1층,출구 → 흡연장,dt_hold,1.5,started,36.0,0.618,0.73,22.26
S13,1층,출구 → 흡연장,dt_hold,2.0,started,36.0,0.618,0.73,22.26
S13,1층,출구 → 흡연장,dt_hold,3.0,started,36.0,0.618,0.70,22.26
S13,1층,출구 → 흡연장,dt_hold,4.0,started,36.0,0.618,0.88,22.26
S13,1층,출구 → 흡연장,dt_hold,5.0,started,42.0,0.530,0.80,22.26
S13,1층,출구 → 흡연장,dt_hold,7.0,not_started,,,0.00,22.26
S14,1층,반반 나눠 나가기,(기본값),,started,48.0,0.464,0.82,22.26
S14,1층,반반 나눠 나가기,v_th,0.2,started,48.0,0.464,0.91,22.26
S14,1층,반반 나눠 나가기,v_th,0.3,started,48.0,0.464,0.91,22.26
S14,1층,반반 나눠 나가기,v_th,0.4,started,48.0,0.464,0.82,22.26
S14,1층,반반 나눠 나가기,v_th,0.5,started,48.0,0.464,0.82,22.26
S14,1층,반반 나눠 나가기,v_th,0.6,started,48.0,0.464,0.82,22.26
S14,1층,반반 나눠 나가기,v_th,0.7,started,49.0,0.454,0.82,22.26
S14,1층,반반 나눠 나가기,v_th,0.9,started,50.0,0.445,0.75,22.26
S14,1층,반반 나눠 나가기,a_th,0.2,started,48.0,0.464,0.82,22.26
S14,1층,반반 나눠 나가기,a_th,0.35,started,48.0,0.464,0.82,22.26
S14,1층,반반 나눠 나가기,a_th,0.5,started,48.0,0.464,0.82,22.26
S14,1층,반반 나눠 나가기,a_th,0.6,started,48.0,0.464,0.82,22.26
S14,1층,반반 나눠 나가기,a_th,0.707,started,48.0,0.464,0.82,22.26
S14,1층,반반 나눠 나가기,a_th,0.8,started,50.0,0.445,0.75,22.26
S14,1층,반반 나눠 나가기,a_th,0.866,started,50.0,0.445,0.75,22.26
S14,1층,반반 나눠 나가기,a_th,0.95,started,51.0,0.436,0.78,22.26
S14,1층,반반 나눠 나가기,r_th,0.3,started,37.0,0.601,0.55,22.26
S14,1층,반반 나눠 나가기,r_th,0.4,started,39.0,0.571,0.60,22.26
S14,1층,반반 나눠 나가기,r_th,0.5,started,39.0,0.571,0.60,22.26
S14,1층,반반 나눠 나가기,r_th,0.6,started,44.0,0.506,0.62,22.26
S14,1층,반반 나눠 나가기,r_th,0.7,started,48.0,0.464,0.82,22.26
S14,1층,반반 나눠 나가기,r_th,0.8,started,63.0,0.353,0.80,22.26
S14,1층,반반 나눠 나가기,r_th,0.9,not_started,,,0.00,22.26
S14,1층,반반 나눠 나가기,dt_hold,1.0,started,48.0,0.464,0.75,22.26
S14,1층,반반 나눠 나가기,dt_hold,1.5,started,48.0,0.464,0.89,22.26
S14,1층,반반 나눠 나가기,dt_hold,2.0,started,48.0,0.464,0.89,22.26
S14,1층,반반 나눠 나가기,dt_hold,3.0,started,48.0,0.464,0.82,22.26
S14,1층,반반 나눠 나가기,dt_hold,4.0,started,48.0,0.464,0.82,22.26
S14,1층,반반 나눠 나가기,dt_hold,5.0,started,48.0,0.464,0.75,22.26
S14,1층,반반 나눠 나가기,dt_hold,7.0,started,48.0,0.464,0.86,22.26
