시나리오,dt_hold,v_th,판정,개시지연_s
S01,0.5,0.3,started,13.0
S01,0.5,0.4,started,13.0
S01,0.5,0.5,started,13.0
S01,0.5,0.6,started,13.0
S01,1.0,0.3,started,13.0
S01,1.0,0.4,started,13.0
S01,1.0,0.5,started,13.0
S01,1.0,0.6,started,13.0
S01,1.5,0.3,started,13.0
S01,1.5,0.4,started,13.0
S01,1.5,0.5,started,13.0
S01,1.5,0.6,started,13.0
S01,2.0,0.3,started,13.0
S01,2.0,0.4,started,13.0
S01,2.0,0.5,started,13.0
S01,2.0,0.6,started,13.0
S01,3.0,0.3,started,13.0
S01,3.0,0.4,started,13.0
S01,3.0,0.5,started,13.0
S01,3.0,0.6,started,13.0
S01,4.0,0.3,not_started,
S01,4.0,0.4,not_started,
S01,4.0,0.5,not_started,
S01,4.0,0.6,not_started,
S02,0.5,0.3,started,17.0
S02,0.5,0.4,started,17.0
S02,0.5,0.5,started,22.0
S02,0.5,0.6,started,22.0
S02,1.0,0.3,started,17.0
S02,1.0,0.4,started,17.0
S02,1.0,0.5,started,22.0
S02,1.0,0.6,started,22.0
S02,1.5,0.3,started,22.0
S02,1.5,0.4,not_started,
S02,1.5,0.5,not_started,
S02,1.5,0.6,not_started,
S02,2.0,0.3,started,22.0
S02,2.0,0.4,not_started,
S02,2.0,0.5,not_started,
S02,2.0,0.6,not_started,
S02,3.0,0.3,started,22.0
S02,3.0,0.4,not_started,
S02,3.0,0.5,not_started,
S02,3.0,0.6,not_started,
S02,4.0,0.3,not_started,
S02,4.0,0.4,not_started,
S02,4.0,0.5,not_started,
S02,4.0,0.6,not_started,
S03,0.5,0.3,started,32.0
S03,0.5,0.4,started,32.0
S03,0.5,0.5,started,32.0
S03,0.5,0.6,not_started,
S03,1.0,0.3,started,32.0
S03,1.0,0.4,started,32.0
S03,1.0,0.5,started,32.0
S03,1.0,0.6,not_started,
S03,1.5,0.3,not_started,
S03,1.5,0.4,not_started,
S03,1.5,0.5,not_started,
S03,1.5,0.6,not_started,
S03,2.0,0.3,not_started,
S03,2.0,0.4,not_started,
S03,2.0,0.5,not_started,
S03,2.0,0.6,not_started,
S03,3.0,0.3,not_started,
S03,3.0,0.4,not_started,
S03,3.0,0.5,not_started,
S03,3.0,0.6,not_started,
S03,4.0,0.3,not_started,
S03,4.0,0.4,not_started,
S03,4.0,0.5,not_started,
S03,4.0,0.6,not_started,
S04,0.5,0.3,started,2.0
S04,0.5,0.4,started,2.0
S04,0.5,0.5,started,2.0
S04,0.5,0.6,started,9.0
S04,1.0,0.3,started,2.0
S04,1.0,0.4,started,2.0
S04,1.0,0.5,started,2.0
S04,1.0,0.6,started,9.0
S04,1.5,0.3,started,2.0
S04,1.5,0.4,started,2.0
S04,1.5,0.5,started,2.0
S04,1.5,0.6,started,9.0
S04,2.0,0.3,started,2.0
S04,2.0,0.4,started,2.0
S04,2.0,0.5,started,2.0
S04,2.0,0.6,started,9.0
S04,3.0,0.3,started,2.0
S04,3.0,0.4,started,2.0
S04,3.0,0.5,started,2.0
S04,3.0,0.6,started,9.0
S04,4.0,0.3,started,9.0
S04,4.0,0.4,started,9.0
S04,4.0,0.5,started,9.0
S04,4.0,0.6,started,9.0
S05,0.5,0.3,started,4.0
S05,0.5,0.4,started,4.0
S05,0.5,0.5,started,4.0
S05,0.5,0.6,started,4.0
S05,1.0,0.3,started,4.0
S05,1.0,0.4,started,4.0
S05,1.0,0.5,started,4.0
S05,1.0,0.6,started,4.0
S05,1.5,0.3,started,4.0
S05,1.5,0.4,started,4.0
S05,1.5,0.5,started,4.0
S05,1.5,0.6,started,4.0
S05,2.0,0.3,started,4.0
S05,2.0,0.4,started,4.0
S05,2.0,0.5,started,4.0
S05,2.0,0.6,started,4.0
S05,3.0,0.3,started,4.0
S05,3.0,0.4,started,4.0
S05,3.0,0.5,started,4.0
S05,3.0,0.6,started,4.0
S05,4.0,0.3,started,4.0
S05,4.0,0.4,started,4.0
S05,4.0,0.5,started,4.0
S05,4.0,0.6,started,4.0
S06,0.5,0.3,started,4.0
S06,0.5,0.4,started,4.0
S06,0.5,0.5,started,4.0
S06,0.5,0.6,started,5.0
S06,1.0,0.3,started,4.0
S06,1.0,0.4,started,4.0
S06,1.0,0.5,started,4.0
S06,1.0,0.6,started,5.0
S06,1.5,0.3,started,4.0
S06,1.5,0.4,started,4.0
S06,1.5,0.5,started,4.0
S06,1.5,0.6,started,5.0
S06,2.0,0.3,started,4.0
S06,2.0,0.4,started,4.0
S06,2.0,0.5,started,4.0
S06,2.0,0.6,started,5.0
S06,3.0,0.3,started,4.0
S06,3.0,0.4,started,4.0
S06,3.0,0.5,started,4.0
S06,3.0,0.6,started,5.0
S06,4.0,0.3,started,4.0
S06,4.0,0.4,started,4.0
S06,4.0,0.5,started,4.0
S06,4.0,0.6,started,5.0
S07,0.5,0.3,started,9.0
S07,0.5,0.4,started,9.0
S07,0.5,0.5,started,10.0
S07,0.5,0.6,not_started,
S07,1.0,0.3,started,9.0
S07,1.0,0.4,started,9.0
S07,1.0,0.5,started,10.0
S07,1.0,0.6,not_started,
S07,1.5,0.3,started,9.0
S07,1.5,0.4,started,9.0
S07,1.5,0.5,not_started,
S07,1.5,0.6,not_started,
S07,2.0,0.3,started,9.0
S07,2.0,0.4,started,9.0
S07,2.0,0.5,not_started,
S07,2.0,0.6,not_started,
S07,3.0,0.3,not_started,
S07,3.0,0.4,not_started,
S07,3.0,0.5,not_started,
S07,3.0,0.6,not_started,
S07,4.0,0.3,not_started,
S07,4.0,0.4,not_started,
S07,4.0,0.5,not_started,
S07,4.0,0.6,not_started,
S08,0.5,0.3,not_started,
S08,0.5,0.4,not_started,
S08,0.5,0.5,not_started,
S08,0.5,0.6,not_started,
S08,1.0,0.3,not_started,
S08,1.0,0.4,not_started,
S08,1.0,0.5,not_started,
S08,1.0,0.6,not_started,
S08,1.5,0.3,not_started,
S08,1.5,0.4,not_started,
S08,1.5,0.5,not_started,
S08,1.5,0.6,not_started,
S08,2.0,0.3,not_started,
S08,2.0,0.4,not_started,
S08,2.0,0.5,not_started,
S08,2.0,0.6,not_started,
S08,3.0,0.3,not_started,
S08,3.0,0.4,not_started,
S08,3.0,0.5,not_started,
S08,3.0,0.6,not_started,
S08,4.0,0.3,not_started,
S08,4.0,0.4,not_started,
S08,4.0,0.5,not_started,
S08,4.0,0.6,not_started,
S09,0.5,0.3,not_started,
S09,0.5,0.4,not_started,
S09,0.5,0.5,not_started,
S09,0.5,0.6,not_started,
S09,1.0,0.3,not_started,
S09,1.0,0.4,not_started,
S09,1.0,0.5,not_started,
S09,1.0,0.6,not_started,
S09,1.5,0.3,not_started,
S09,1.5,0.4,not_started,
S09,1.5,0.5,not_started,
S09,1.5,0.6,not_started,
S09,2.0,0.3,not_started,
S09,2.0,0.4,not_started,
S09,2.0,0.5,not_started,
S09,2.0,0.6,not_started,
S09,3.0,0.3,not_started,
S09,3.0,0.4,not_started,
S09,3.0,0.5,not_started,
S09,3.0,0.6,not_started,
S09,4.0,0.3,not_started,
S09,4.0,0.4,not_started,
S09,4.0,0.5,not_started,
S09,4.0,0.6,not_started,
S10,0.5,0.3,started,10.0
S10,0.5,0.4,started,11.0
S10,0.5,0.5,not_started,
S10,0.5,0.6,not_started,
S10,1.0,0.3,started,10.0
S10,1.0,0.4,started,11.0
S10,1.0,0.5,not_started,
S10,1.0,0.6,not_started,
S10,1.5,0.3,started,10.0
S10,1.5,0.4,not_started,
S10,1.5,0.5,not_started,
S10,1.5,0.6,not_started,
S10,2.0,0.3,started,10.0
S10,2.0,0.4,not_started,
S10,2.0,0.5,not_started,
S10,2.0,0.6,not_started,
S10,3.0,0.3,not_started,
S10,3.0,0.4,not_started,
S10,3.0,0.5,not_started,
S10,3.0,0.6,not_started,
S10,4.0,0.3,not_started,
S10,4.0,0.4,not_started,
S10,4.0,0.5,not_started,
S10,4.0,0.6,not_started,
S11,0.5,0.3,not_started,
S11,0.5,0.4,not_started,
S11,0.5,0.5,not_started,
S11,0.5,0.6,not_started,
S11,1.0,0.3,not_started,
S11,1.0,0.4,not_started,
S11,1.0,0.5,not_started,
S11,1.0,0.6,not_started,
S11,1.5,0.3,not_started,
S11,1.5,0.4,not_started,
S11,1.5,0.5,not_started,
S11,1.5,0.6,not_started,
S11,2.0,0.3,not_started,
S11,2.0,0.4,not_started,
S11,2.0,0.5,not_started,
S11,2.0,0.6,not_started,
S11,3.0,0.3,not_started,
S11,3.0,0.4,not_started,
S11,3.0,0.5,not_started,
S11,3.0,0.6,not_started,
S11,4.0,0.3,not_started,
S11,4.0,0.4,not_started,
S11,4.0,0.5,not_started,
S11,4.0,0.6,not_started,
S12,0.5,0.3,started,42.0
S12,0.5,0.4,started,42.0
S12,0.5,0.5,started,42.0
S12,0.5,0.6,started,43.0
S12,1.0,0.3,started,42.0
S12,1.0,0.4,started,42.0
S12,1.0,0.5,started,42.0
S12,1.0,0.6,started,43.0
S12,1.5,0.3,started,42.0
S12,1.5,0.4,started,42.0
S12,1.5,0.5,started,42.0
S12,1.5,0.6,started,43.0
S12,2.0,0.3,started,42.0
S12,2.0,0.4,started,42.0
S12,2.0,0.5,started,42.0
S12,2.0,0.6,started,43.0
S12,3.0,0.3,started,42.0
S12,3.0,0.4,started,42.0
S12,3.0,0.5,started,42.0
S12,3.0,0.6,started,43.0
S12,4.0,0.3,started,42.0
S12,4.0,0.4,started,42.0
S12,4.0,0.5,started,42.0
S12,4.0,0.6,started,43.0
S13,0.5,0.3,started,36.0
S13,0.5,0.4,started,36.0
S13,0.5,0.5,started,36.0
S13,0.5,0.6,started,36.0
S13,1.0,0.3,started,36.0
S13,1.0,0.4,started,36.0
S13,1.0,0.5,started,36.0
S13,1.0,0.6,started,36.0
S13,1.5,0.3,started,36.0
S13,1.5,0.4,started,36.0
S13,1.5,0.5,started,36.0
S13,1.5,0.6,started,36.0
S13,2.0,0.3,started,36.0
S13,2.0,0.4,started,36.0
S13,2.0,0.5,started,36.0
S13,2.0,0.6,started,36.0
S13,3.0,0.3,started,36.0
S13,3.0,0.4,started,36.0
S13,3.0,0.5,started,36.0
S13,3.0,0.6,started,36.0
S13,4.0,0.3,started,36.0
S13,4.0,0.4,started,36.0
S13,4.0,0.5,started,36.0
S13,4.0,0.6,started,36.0
S14,0.5,0.3,started,48.0
S14,0.5,0.4,started,48.0
S14,0.5,0.5,started,48.0
S14,0.5,0.6,started,48.0
S14,1.0,0.3,started,48.0
S14,1.0,0.4,started,48.0
S14,1.0,0.5,started,48.0
S14,1.0,0.6,started,48.0
S14,1.5,0.3,started,48.0
S14,1.5,0.4,started,48.0
S14,1.5,0.5,started,48.0
S14,1.5,0.6,started,48.0
S14,2.0,0.3,started,48.0
S14,2.0,0.4,started,48.0
S14,2.0,0.5,started,48.0
S14,2.0,0.6,started,48.0
S14,3.0,0.3,started,48.0
S14,3.0,0.4,started,48.0
S14,3.0,0.5,started,48.0
S14,3.0,0.6,started,48.0
S14,4.0,0.3,started,48.0
S14,4.0,0.4,started,48.0
S14,4.0,0.5,started,48.0
S14,4.0,0.6,started,48.0
