cam,file,codec,width,height,fps,duration,sample_rate
cam1,2026_0911_140023_007.MP4,h264,1920,1080,30/1,601.088000,32000
cam1,2026_0911_141024_008.MP4,h264,1920,1080,30/1,601.000000,32000
cam1,2026_0911_142024_009.MP4,h264,1920,1080,30/1,601.000000,32000
cam1,2026_0911_143024_010.MP4,h264,1920,1080,30/1,601.000000,32000
cam1,2026_0911_144024_011.MP4,h264,1920,1080,30/1,601.000000,32000
cam1,2026_0911_145024_012.MP4,h264,1920,1080,30/1,436.533333,32000
cam2,2026_0911_135955_023.MP4,h264,1920,1080,30/1,601.088000,32000
cam2,2026_0911_140955_024.MP4,h264,1920,1080,30/1,601.000000,32000
cam2,2026_0911_141955_025.MP4,h264,1920,1080,30/1,601.000000,32000
cam2,2026_0911_142955_026.MP4,h264,1920,1080,30/1,601.000000,32000
cam2,2026_0911_143955_027.MP4,h264,1920,1080,30/1,601.000000,32000
cam2,2026_0911_144955_028.MP4,h264,1920,1080,30/1,601.000000,32000
cam2,2026_0911_145955_029.MP4,h264,1920,1080,30/1,601.000000,32000
cam2,2026_0911_150955_030.MP4,h264,1920,1080,30/1,180.433333,32000
cam3,2026_0911_135920_019.MP4,h264,1920,1080,30/1,601.088000,32000
cam3,2026_0911_140921_020.MP4,h264,1920,1080,30/1,601.000000,32000
cam3,2026_0911_141921_021.MP4,h264,1920,1080,30/1,601.000000,32000
cam3,2026_0911_142921_022.MP4,h264,1920,1080,30/1,601.000000,32000
cam3,2026_0911_143921_023.MP4,h264,1920,1080,30/1,601.000000,32000
cam3,2026_0911_144921_024.MP4,h264,1920,1080,30/1,601.000000,32000
cam3,2026_0911_145921_025.MP4,h264,1920,1080,30/1,601.000000,32000
cam3,2026_0911_150921_026.MP4,h264,1920,1080,30/1,287.040000,32000
cam4,2026_0911_135954_021.MP4,h264,1920,1080,30/1,601.088000,32000
cam4,2026_0911_140955_022.MP4,h264,1920,1080,30/1,601.000000,32000
cam4,2026_0911_141955_023.MP4,h264,1920,1080,30/1,601.000000,32000
cam4,2026_0911_142955_024.MP4,h264,1920,1080,30/1,601.000000,32000
cam4,2026_0911_143955_025.MP4,h264,1920,1080,30/1,601.000000,32000
cam4,2026_0911_144955_026.MP4,h264,1920,1080,30/1,601.000000,32000
cam4,2026_0911_145955_027.MP4,h264,1920,1080,30/1,601.000000,32000
cam4,2026_0911_150955_028.MP4,h264,1920,1080,30/1,150.866667,32000
cam5,2026_0911_140011_012.MP4,h264,1920,1080,30/1,601.088000,32000
cam5,2026_0911_141012_013.MP4,h264,1920,1080,30/1,601.000000,32000
cam5,2026_0911_142012_014.MP4,h264,1920,1080,30/1,601.000000,32000
cam5,2026_0911_143012_015.MP4,h264,1920,1080,30/1,601.000000,32000
cam5,2026_0911_144012_016.MP4,h264,1920,1080,30/1,601.000000,32000
cam5,2026_0911_145012_017.MP4,h264,1920,1080,30/1,601.000000,32000
cam5,2026_0911_150012_018.MP4,h264,1920,1080,30/1,601.000000,32000
cam5,2026_0911_151012_019.MP4,h264,1920,1080,30/1,97.500000,32000
cam6,2026_0911_135947_004.MP4,h264,1920,1080,30/1,601.088000,32000
cam6,2026_0911_140948_005.MP4,h264,1920,1080,30/1,601.000000,32000
cam6,2026_0911_141948_006.MP4,h264,1920,1080,30/1,601.000000,32000
cam6,2026_0911_142948_007.MP4,h264,1920,1080,30/1,601.000000,32000
cam6,2026_0911_143948_008.MP4,h264,1920,1080,30/1,601.000000,32000
cam6,2026_0911_144948_009.MP4,h264,1920,1080,30/1,585.866667,32000
cam7,2026_0911_135952_001.MP4,h264,1920,1080,30/1,601.088000,32000
cam7,2026_0911_140953_002.MP4,h264,1920,1080,30/1,601.000000,32000
cam7,2026_0911_141953_003.MP4,h264,1920,1080,30/1,601.000000,32000
cam7,2026_0911_142953_004.MP4,h264,1920,1080,30/1,601.000000,32000
cam7,2026_0911_143953_005.MP4,h264,1920,1080,30/1,601.000000,32000
cam7,2026_0911_144953_006.MP4,h264,1920,1080,30/1,601.000000,32000
cam7,2026_0911_145953_007.MP4,h264,1920,1080,30/1,601.000000,32000
cam7,2026_0911_150953_008.MP4,h264,1920,1080,30/1,353.536000,32000
cam8,2026_0911_140056_008.MP4,h264,1920,1080,30/1,601.088000,32000
cam8,2026_0911_141057_009.MP4,h264,1920,1080,30/1,601.000000,32000
cam8,2026_0911_142057_010.MP4,h264,1920,1080,30/1,601.000000,32000
cam8,2026_0911_143057_011.MP4,h264,1920,1080,30/1,601.000000,32000
cam8,2026_0911_144057_012.MP4,h264,1920,1080,30/1,601.000000,32000
cam8,2026_0911_145057_013.MP4,h264,1920,1080,30/1,601.000000,32000
cam8,2026_0911_150057_014.MP4,h264,1920,1080,30/1,459.168000,32000
cam9,2026_0911_140052_017.MP4,h264,1920,1080,30/1,601.088000,32000
cam9,2026_0911_141053_018.MP4,h264,1920,1080,30/1,601.000000,32000
cam9,2026_0911_142053_019.MP4,h264,1920,1080,30/1,601.000000,32000
cam9,2026_0911_143053_020.MP4,h264,1920,1080,30/1,601.000000,32000
cam9,2026_0911_144053_021.MP4,h264,1920,1080,30/1,601.000000,32000
cam9,2026_0911_145053_022.MP4,h264,1920,1080,30/1,601.000000,32000
cam9,2026_0911_150053_023.MP4,h264,1920,1080,30/1,601.000000,32000
cam9,2026_0911_151053_024.MP4,h264,1920,1080,30/1,74.666667,32000
cam10,2026_0911_140023_008.MP4,h264,1920,1080,30/1,601.088000,32000
cam10,2026_0911_141023_009.MP4,h264,1920,1080,30/1,601.000000,32000
cam10,2026_0911_142023_010.MP4,h264,1920,1080,30/1,601.000000,32000
cam10,2026_0911_143023_011.MP4,h264,1920,1080,30/1,601.000000,32000
cam10,2026_0911_144023_012.MP4,h264,1920,1080,30/1,141.233333,32000
cam11,2020_0101_000005_021.MP4,h264,1920,1080,30/1,601.088000,32000
cam11,2020_0101_001006_022.MP4,h264,1920,1080,30/1,601.000000,32000
cam11,2020_0101_002006_023.MP4,h264,1920,1080,30/1,601.000000,32000
cam11,2020_0101_003006_024.MP4,h264,1920,1080,30/1,601.000000,32000
cam11,2020_0101_004006_025.MP4,h264,1920,1080,30/1,601.000000,32000
cam11,2020_0101_005006_026.MP4,h264,1920,1080,30/1,391.733333,32000
cam12,2026_0911_140018_008.MP4,h264,1920,1080,30/1,601.088000,32000
cam12,2026_0911_141018_009.MP4,h264,1920,1080,30/1,601.000000,32000
cam12,2026_0911_142018_010.MP4,h264,1920,1080,30/1,601.000000,32000
cam12,2026_0911_143018_011.MP4,h264,1920,1080,30/1,601.000000,32000
cam12,2026_0911_144018_012.MP4,h264,1920,1080,30/1,601.000000,32000
cam12,2026_0911_145018_013.MP4,h264,1920,1080,30/1,404.000000,32000
cam13,2026_0911_140008_009.MP4,h264,1920,1080,30/1,601.088000,32000
cam13,2026_0911_141008_010.MP4,h264,1920,1080,30/1,601.000000,32000
cam13,2026_0911_142008_011.MP4,h264,1920,1080,30/1,601.000000,32000
cam13,2026_0911_143008_012.MP4,h264,1920,1080,30/1,601.000000,32000
cam13,2026_0911_144008_013.MP4,h264,1920,1080,30/1,601.000000,32000
cam13,2026_0911_145008_014.MP4,h264,1920,1080,30/1,601.000000,32000
cam13,2026_0911_150008_015.MP4,h264,1920,1080,30/1,601.000000,32000
cam13,2026_0911_151008_016.MP4,h264,1920,1080,30/1,221.536000,32000
cam14,2026_0911_140027_011.MP4,h264,1920,1080,30/1,601.088000,32000
cam14,2026_0911_141028_012.MP4,h264,1920,1080,30/1,601.000000,32000
cam14,2026_0911_142028_013.MP4,h264,1920,1080,30/1,601.000000,32000
cam14,2026_0911_143028_014.MP4,h264,1920,1080,30/1,601.000000,32000
cam14,2026_0911_144028_015.MP4,h264,1920,1080,30/1,130.733333,32000
cam15,2026_0911_135935_003.MP4,h264,1920,1080,60/1,601.056000,32000
cam15,2026_0911_140935_004.MP4,h264,1920,1080,60/1,601.000000,32000
cam15,2026_0911_141936_005.MP4,h264,1920,1080,60/1,601.000000,32000
cam15,2026_0911_142935_006.MP4,h264,1920,1080,60/1,601.000000,32000
cam15,2026_0911_143936_007.MP4,h264,1920,1080,60/1,601.000000,32000
cam15,2026_0911_144935_008.MP4,h264,1920,1080,60/1,601.000000,32000
cam15,2026_0911_145936_009.MP4,h264,1920,1080,60/1,601.000000,32000
cam15,2026_0911_150935_010.MP4,h264,1920,1080,60/1,601.000000,32000
cam15,2026_0911_151935_011.MP4,h264,1920,1080,60/1,108.800000,32000
cam16,2026_0911_140031_003.MP4,h264,1920,1080,60/1,601.056000,32000
cam16,2026_0911_141032_004.MP4,h264,1920,1080,60/1,601.000000,32000
cam16,2026_0911_142032_005.MP4,h264,1920,1080,60/1,601.000000,32000
cam16,2026_0911_143032_006.MP4,h264,1920,1080,60/1,601.000000,32000
cam16,2026_0911_144032_007.MP4,h264,1920,1080,60/1,340.160000,32000
cam17,2026_0911_140014_010.MP4,h264,1920,1080,60/1,601.056000,32000
cam17,2026_0911_141015_011.MP4,h264,1920,1080,60/1,601.000000,32000
cam17,2026_0911_142015_012.MP4,h264,1920,1080,60/1,601.000000,32000
cam17,2026_0911_143015_013.MP4,h264,1920,1080,60/1,601.000000,32000
cam17,2026_0911_144015_014.MP4,h264,1920,1080,60/1,86.150000,32000
cam18,2026_0911_135834_007.MP4,h264,1920,1080,60/1,601.056000,32000
cam18,2026_0911_140835_008.MP4,h264,1920,1080,60/1,601.024000,32000
cam18,2026_0911_141835_009.MP4,h264,1920,1080,60/1,601.000000,32000
cam18,2026_0911_142835_010.MP4,h264,1920,1080,60/1,601.000000,32000
cam18,2026_0911_143835_011.MP4,h264,1920,1080,60/1,601.000000,32000
cam18,2026_0911_144835_012.MP4,h264,1920,1080,60/1,599.833333,32000
cam19,2026_0911_135952_008.MP4,h264,1920,1080,30/1,601.088000,32000
cam19,2026_0911_140952_009.MP4,h264,1920,1080,30/1,601.000000,32000
cam19,2026_0911_141952_010.MP4,h264,1920,1080,30/1,601.000000,32000
cam19,2026_0911_142952_011.MP4,h264,1920,1080,30/1,601.000000,32000
cam19,2026_0911_143952_012.MP4,h264,1920,1080,30/1,99.233333,32000
cam31,2026_0911_144719_003.MP4,h264,1920,1080,30/1,601.088000,32000
cam31,2026_0911_145720_004.MP4,h264,1920,1080,30/1,601.000000,32000
cam31,2026_0911_150720_005.MP4,h264,1920,1080,30/1,66.100000,32000
cam31,2026_0911_154651_006.MP4,h264,1920,1080,30/1,601.088000,32000
cam31,2026_0911_155652_007.MP4,h264,1920,1080,30/1,174.033333,32000
cam32,2026_0911_144725_008.MP4,h264,1920,1080,30/1,601.088000,32000
cam32,2026_0911_145726_009.MP4,h264,1920,1080,30/1,601.000000,32000
cam32,2026_0911_150726_010.MP4,h264,1920,1080,30/1,29.440000,32000
cam32,2026_0911_154649_011.MP4,h264,1920,1080,30/1,601.088000,32000
cam32,2026_0911_155650_012.MP4,h264,1920,1080,30/1,126.166667,32000
cam33,2026_0911_144710_007.MP4,h264,1920,1080,30/1,601.088000,32000
cam33,2026_0911_145711_008.MP4,h264,1920,1080,30/1,598.304000,32000
cam33,2026_0911_154642_009.MP4,h264,1920,1080,30/1,601.088000,32000
cam33,2026_0911_155643_010.MP4,h264,1920,1080,30/1,196.033333,32000
cam34,2026_0911_144733_008.MP4,h264,1920,1080,30/1,601.088000,32000
cam34,2026_0911_145734_009.MP4,h264,1920,1080,30/1,601.000000,32000
cam34,2026_0911_150734_010.MP4,h264,1920,1080,30/1,111.233333,32000
cam35,2026_0911_144715_016.MP4,h264,1920,1080,30/1,601.088000,32000
cam35,2026_0911_145715_017.MP4,h264,1920,1080,30/1,601.000000,32000
cam35,2026_0911_150715_018.MP4,h264,1920,1080,30/1,19.733333,32000
cam36,2026_0911_144739_016.MP4,h264,1920,1080,30/1,601.088000,32000
cam36,2026_0911_145740_017.MP4,h264,1920,1080,30/1,601.000000,32000
cam36,2026_0911_150740_018.MP4,h264,1920,1080,30/1,116.233333,32000
cam37,2026_0911_144722_007.MP4,h264,1920,1080,60/1,601.056000,32000
cam37,2026_0911_145723_008.MP4,h264,1920,1080,60/1,601.000000,32000
cam37,2026_0911_150723_009.MP4,h264,1920,1080,60/1,77.792000,32000
cam38,2026_0911_144747_015.MP4,h264,1920,1080,30/1,601.088000,32000
cam38,2026_0911_145748_016.MP4,h264,1920,1080,30/1,601.000000,32000
cam38,2026_0911_150748_017.MP4,h264,1920,1080,30/1,95.733333,32000
cam38,2026_0911_154653_018.MP4,h264,1920,1080,30/1,601.088000,32000
cam38,2026_0911_155654_019.MP4,h264,1920,1080,30/1,97.600000,32000
cam39,2026_0911_144711_011.MP4,h264,1920,1080,30/1,601.088000,32000
cam39,2026_0911_145711_012.MP4,h264,1920,1080,30/1,583.800000,32000
